,公司代號,公司名稱,當月營收,上月營收,去年當月營收,上月比較增減(%),去年同月增減(%),當月累計營收,去年累計營收,前期比較增減(%)
0,1101,台泥,2337946,2171125,2054868,7.68,13.77,2337946,2054868,13.77
1,1102,亞泥,870505,1051182,833884,-17.18,4.39,870505,833884,4.39
2,1103,嘉泥,186073,203489,179828,-8.55,3.47,186073,179828,3.47
3,1104,環球水泥,326488,321858,283637,1.43,15.1,326488,283637,15.1
4,1108,幸福水泥,290613,255518,256813,13.73,13.16,290613,256813,13.16
5,1109,信大水泥,121737,134944,119332,-9.78,2.01,121737,119332,2.01
6,1110,東泥,127459,148986,133687,-14.44,-4.65,127459,133687,-4.65
0,1201,味全公司,1110017,1075289,990701,3.22,12.04,1110017,990701,12.04
1,1203,味王公司,187490,183896,178223,1.95,5.19,187490,178223,5.19
2,1210,大成長城,2047391,1956012,1838786,4.67,11.34,2047391,1838786,11.34
3,1213,大飲,62895,51216,59403,22.8,5.87,62895,59403,5.87
4,1215,卜蜂企業,1335440,1250767,1192339,6.76,12.0,1335440,1192339,12.0
5,1216,統一,4784154,4043026,3832381,18.33,24.83,4784154,3832381,24.83
6,1217,愛之味,323491,179663,390349,80.05,-17.12,323491,390349,-17.12
7,1218,泰山企業,623159,610473,589471,2.07,5.71,623159,589471,5.71
8,1219,福壽實業,783323,788906,731886,-0.7,7.02,783323,731886,7.02
9,1220,台榮,216950,300155,163510,-27.72,32.68,216950,163510,32.68
10,1225,福懋油,840809,823067,682288,2.15,23.23,840809,682288,23.23
11,1227,佳格,1474833,1097835,1168557,34.34,26.2,1474833,1168557,26.2
12,1229,聯華實業,364717,366187,295411,-0.4,23.46,364717,295411,23.46
13,1231,聯華食品,621015,496565,544044,25.06,14.14,621015,544044,14.14
14,1232,大統益,1490420,1521279,1336666,-2.02,11.5,1490420,1336666,11.5
15,1233,天仁,233783,157899,190763,48.05,22.55,233783,190763,22.55
16,1234,黑松,584521,401330,315819,45.64,85.08,584521,315819,85.08
17,1235,興泰,27678,30560,34955,-9.43,-20.81,27678,34955,-20.81
18,1236,宏亞食品,420437,241737,343481,73.92,22.4,420437,343481,22.4
19,1702,南僑化工,225061,220308,184940,2.15,21.69,225061,184940,21.69
0,1301,台塑,17417871,16516832,15990313,5.45,8.92,17417871,15990313,8.92
1,1303,南亞塑膠,19407090,17943630,17559615,8.15,10.52,19407090,17559615,10.52
2,1304,台聚,1169433,1283688,1024309,-8.9,14.16,1169433,1024309,14.16
3,1305,華夏,713003,667922,737620,6.74,-3.33,713003,737620,-3.33
4,1307,三芳化工,623696,592394,433840,5.28,43.76,623696,433840,43.76
5,1308,亞聚,583020,585595,490872,-0.43,18.77,583020,490872,18.77
6,1309,台達化工,1039914,956575,776669,8.71,33.89,1039914,776669,33.89
7,1310,台苯,1181301,1029457,972902,14.74,21.42,1181301,972902,21.42
8,1312,國喬石化,1616402,1210705,1346492,33.5,20.04,1616402,1346492,20.04
9,1313,聯成,654071,586977,700785,11.43,-6.66,654071,700785,-6.66
10,1314,中石化,3309424,3249691,2958846,1.83,11.84,3309424,2958846,11.84
11,1315,達新工業,224616,222808,185887,0.81,20.83,224616,185887,20.83
12,1316,上曜,8313,20005,12414,-58.44,-33.03,8313,12414,-33.03
13,1319,東陽,1054117,1079235,779482,-2.32,35.23,1054117,779482,35.23
14,1321,大洋,459258,398299,421119,15.3,9.05,459258,421119,9.05
15,1323,永裕,141854,152612,131149,-7.04,8.16,141854,131149,8.16
16,1324,地球工業,120721,134075,116574,-9.96,3.55,120721,116574,3.55
17,1325,�琱j,113219,116127,93209,-2.5,21.46,113219,93209,21.46
18,1326,台化,26099195,26437491,24055460,-1.27,8.49,26099195,24055460,8.49
19,1715,亞洲化學,343340,345427,314928,-0.6,9.02,343340,314928,9.02
20,4306,炎洲,467326,506948,347320,-7.81,34.55,467326,347320,34.55
0,1402,遠東新,5133766,4947055,3611397,3.77,42.15,5133766,3611397,42.15
1,1409,新纖,2284246,2079835,1929589,9.82,18.37,2284246,1929589,18.37
2,1410,南染,26508,30181,21000,-12.16,26.22,26508,21000,26.22
3,1413,宏洲化工,442506,387729,330836,14.12,33.75,442506,330836,33.75
4,1414,東和,111153,118384,373620,-6.1,-70.24,111153,373620,-70.24
5,1416,廣豐,12971,25923,32457,-49.96,-60.03,12971,32457,-60.03
6,1417,嘉裕,139731,124428,122487,12.29,14.07,139731,122487,14.07
7,1418,東華,106221,244568,326053,-56.56,-67.42,106221,326053,-67.42
8,1419,新紡,63104,90919,69377,-30.59,-9.04,63104,69377,-9.04
9,1423,利華羊毛,129244,116616,63739,10.82,102.77,129244,63739,102.77
10,1432,大魯閣,651,381416,377,-99.82,72.67,651,377,72.67
11,1434,福懋興業,2916966,3057604,2444880,-4.59,19.3,2916966,2444880,19.3
12,1438,裕豐,0,0,982,,-100.0,0,982,-100.0
13,1439,中和羊毛,44229,31666,60794,39.67,-27.24,44229,60794,-27.24
14,1440,南紡,1896151,1713980,1142320,10.62,65.99,1896151,1142320,65.99
15,1441,大東紡織,183979,142756,120958,28.87,52.1,183979,120958,52.1
16,1443,立益紡織,69090,175200,143651,-60.56,-51.9,69090,143651,-51.9
17,1444,力麗,1257716,1087672,637498,15.63,97.28,1257716,637498,97.28
18,1445,大宇紡織,209331,204697,172217,2.26,21.55,209331,172217,21.55
19,1446,宏和,73309,58766,77789,24.74,-5.75,73309,77789,-5.75
20,1447,力鵬,2031995,2061361,2081496,-1.42,-2.37,2031995,2081496,-2.37
21,1449,佳和實業,180944,199102,141795,-9.11,27.6,180944,141795,27.6
22,1451,年興紡織,866828,944093,584498,-8.18,48.3,866828,584498,48.3
23,1452,宏益,229044,221212,150477,3.54,52.21,229044,150477,52.21
24,1453,大將,31950,41373,18757,-22.77,70.33,31950,18757,70.33
25,1454,台富,215551,237097,205808,-9.08,4.73,215551,205808,4.73
26,1455,集盛,1552820,1620036,1380622,-4.14,12.47,1552820,1380622,12.47
27,1456,怡華,192893,196482,157241,-1.82,22.67,192893,157241,22.67
28,1457,宜進,480506,369908,332904,29.89,44.33,480506,332904,44.33
29,1459,聯發紡織,310729,353641,271461,-12.13,14.46,310729,271461,14.46
30,1460,宏遠,427306,463757,308320,-7.85,38.59,427306,308320,38.59
31,1463,強盛染整,50182,47742,35424,5.11,41.66,50182,35424,41.66
32,1464,得力實業,123681,171465,105105,-27.86,17.67,123681,105105,17.67
33,1465,偉全實業,130164,130754,109656,-0.45,18.7,130164,109656,18.7
34,1466,聚隆,596440,605824,358289,-1.54,66.46,596440,358289,66.46
35,1467,南緯實業,216005,353874,319965,-38.95,-32.49,216005,319965,-32.49
36,1468,昶和纖維,50180,65955,74212,-23.91,-32.38,50180,74212,-32.38
37,1469,理隆纖維,69057,52147,28544,32.42,141.93,69057,28544,141.93
38,1470,大統染,78607,83248,64695,-5.57,21.5,78607,64695,21.5
39,1472,三洋紡,115305,117611,48698,-1.96,136.77,115305,48698,136.77
40,1473,台南企業,721934,653873,716243,10.4,0.79,721934,716243,0.79
41,1474,弘裕,314409,382398,222811,-17.77,41.11,314409,222811,41.11
42,1475,本盟光電,41987,59521,21763,-29.45,92.92,41987,21763,92.92
43,1476,儒鴻,681954,773855,496707,-11.87,37.29,681954,496707,37.29
44,1477,聚陽實業,1475676,688628,1312747,114.29,12.41,1475676,1312747,12.41
45,4414,如興,279718,231233,249789,20.96,11.98,279718,249789,11.98
46,4426,利勤實業,47465,64613,61770,-26.53,-23.15,47465,61770,-23.15
0,1503,士電,1448331,1512011,1376289,-4.21,5.23,1448331,1376289,5.23
1,1504,東元電機,2162319,2048406,1821558,5.56,18.7,2162319,1821558,18.7
2,1506,正道,77335,85188,71568,-9.21,8.05,77335,71568,8.05
3,1507,永大機電,303240,346687,270839,-12.53,11.96,303240,270839,11.96
4,1512,瑞利,221538,304908,211157,-27.34,4.91,221538,211157,4.91
5,1513,中興電,548530,632697,683766,-13.3,-19.77,548530,683766,-19.77
6,1514,亞力電機,205461,513268,162647,-59.97,26.32,205461,162647,26.32
7,1515,力山,202164,253879,266628,-20.36,-24.17,202164,266628,-24.17
8,1516,川飛,0,47,30083,-100.0,-100.0,0,30083,-100.0
9,1517,利奇機械,204352,238023,203042,-14.14,0.64,204352,203042,0.64
10,1519,華城電機,232322,601934,184097,-61.4,26.19,232322,184097,26.19
11,1521,大億,378384,361587,352199,4.64,7.43,378384,352199,7.43
12,1522,堤維西,708606,777686,664767,-8.88,6.59,708606,664767,6.59
13,1524,耿鼎公司,292251,304532,287982,-4.03,1.48,292251,287982,1.48
14,1525,江申工業,106945,106281,82025,0.62,30.38,106945,82025,30.38
15,1526,日馳,43435,56478,42040,-23.09,3.31,43435,42040,3.31
16,1527,鑽全,276138,218473,266033,26.39,3.79,276138,266033,3.79
17,1528,恩德,177806,233330,155320,-23.79,14.47,177806,155320,14.47
18,1529,樂士,5217,53670,18813,-90.27,-72.26,5217,18813,-72.26
19,1530,亞崴機電,167531,298176,122821,-43.81,36.4,167531,122821,36.4
20,1531,高林股,313015,246128,267590,27.17,16.97,313015,267590,16.97
21,1533,車王電,142845,103147,99453,38.48,43.63,142845,99453,43.63
22,1535,中宇,606197,904758,629598,-32.99,-3.71,606197,629598,-3.71
23,1536,和大工業,200022,216286,182626,-7.51,9.52,200022,182626,9.52
24,1537,廣隆光電,367135,344687,311826,6.51,17.73,367135,311826,17.73
25,1538,正峰新,75976,81589,92557,-6.87,-17.91,75976,92557,-17.91
26,1539,巨庭機械,130497,102047,99048,27.87,31.75,130497,99048,31.75
27,1540,喬福機械,113918,165086,114720,-30.99,-0.69,113918,114720,-0.69
28,1541,錩泰,96363,103683,82503,-7.05,16.79,96363,82503,16.79
29,1560,中砂,318045,287125,268157,10.76,18.6,318045,268157,18.6
30,1583,程泰,132501,185411,77417,-28.53,71.15,132501,77417,71.15
31,2049,上銀科技,944214,961066,481005,-1.75,96.3,944214,481005,96.3
32,2231,為升,93069,76555,100794,21.57,-7.66,93069,100794,-7.66
33,4526,東台,347377,530716,352303,-34.54,-1.39,347377,352303,-1.39
34,4532,瑞智精密,423888,408308,344808,3.81,22.93,423888,344808,22.93
35,6605,帝寶工業,812207,910369,761934,-10.78,6.59,812207,761934,6.59
36,8374,羅昇,132946,112593,74805,18.07,77.72,132946,74805,77.72
0,1603,華電,138470,458102,186499,-69.77,-25.75,138470,186499,-25.75
1,1604,聲寶,909107,779404,671794,16.64,35.32,909107,671794,35.32
2,1605,華新,6079791,5717427,6091455,6.33,-0.19,6079791,6091455,-0.19
3,1608,華榮,715600,811970,876332,-11.86,-18.34,715600,876332,-18.34
4,1609,大亞電線,731606,923118,727291,-20.74,0.59,731606,727291,0.59
5,1611,中電,537559,535616,435170,0.36,23.52,537559,435170,23.52
6,1612,宏泰,512897,402161,491127,27.53,4.43,512897,491127,4.43
7,1613,台一,485848,565459,445720,-14.07,9.0,485848,445720,9.0
8,1614,三洋電,658114,514766,558569,27.84,17.82,658114,558569,17.82
9,1615,大山,281947,253928,270974,11.03,4.04,281947,270974,4.04
10,1616,億泰,311824,308554,188469,1.05,65.45,311824,188469,65.45
11,1617,榮星電線,463021,444497,357714,4.16,29.43,463021,357714,29.43
12,1618,合機公司,205535,235398,178075,-12.68,15.42,205535,178075,15.42
13,4930,燦星網通,135176,50053,78905,170.06,71.31,135176,78905,71.31
0,1704,榮化,2276439,2594407,2258455,-12.25,0.79,2276439,2258455,0.79
1,1708,東鹼,220263,246575,248210,-10.67,-11.25,220263,248210,-11.25
2,1709,和益化工,778358,635375,688354,22.5,13.07,778358,688354,13.07
3,1710,東聯,1168208,791336,1084405,47.62,7.72,1168208,1084405,7.72
4,1711,永光化學,479228,491261,487668,-2.44,-1.73,479228,487668,-1.73
5,1712,興農,539976,582086,557479,-7.23,-3.13,539976,557479,-3.13
6,1713,國化,51214,52897,43106,-3.18,18.8,51214,43106,18.8
7,1714,和桐化學,1256423,764695,1059686,64.3,18.56,1256423,1059686,18.56
8,1717,長興化學,1666294,1539532,1532017,8.23,8.76,1666294,1532017,8.76
9,1718,中纖,1459267,1718264,1160205,-15.07,25.77,1459267,1160205,25.77
10,1721,三晃,140693,169163,163924,-16.82,-14.17,140693,163924,-14.17
11,1722,台肥,1243701,1413380,922276,-12.0,34.85,1243701,922276,34.85
12,1723,中碳,821409,854907,581449,-3.91,41.26,821409,581449,41.26
13,1724,台硝,194014,160802,131808,20.65,47.19,194014,131808,47.19
14,1725,元禎,816099,721042,852434,13.18,-4.26,816099,852434,-4.26
15,1726,永記造漆,756911,628044,576113,20.51,31.38,756911,576113,31.38
16,1727,中華化學,170297,169017,109757,0.75,55.15,170297,109757,55.15
17,1730,花仙子,117884,102865,97353,14.6,21.08,117884,97353,21.08
18,1732,毛寶,115517,61021,104375,89.3,10.67,115517,104375,10.67
19,1735,日勝化,144576,191530,177652,-24.51,-18.61,144576,177652,-18.61
20,1737,臺鹽,227778,207922,206576,9.54,10.26,227778,206576,10.26
21,1773,勝一化工,579743,571717,456494,1.4,26.99,579743,456494,26.99
22,4722,國精化學,202696,223469,159029,-9.29,27.45,202696,159029,27.45
23,4725,信昌化,2025285,1942568,1547706,4.25,30.85,2025285,1547706,30.85
24,4733,上緯企業,127857,140993,104132,-9.31,22.78,127857,104132,22.78
0,1701,中化,253197,201919,262635,25.39,-3.59,253197,262635,-3.59
1,1707,葡萄王,209482,213505,133655,-1.88,56.73,209482,133655,56.73
2,1720,生達化學,207277,164774,178825,25.79,15.91,207277,178825,15.91
3,1729,必翔實業,96251,131592,64982,-26.85,48.11,96251,64982,48.11
4,1731,美吾華,262831,144986,222915,81.28,17.9,262831,222915,17.9
5,1733,五鼎,98462,117408,137608,-16.13,-28.44,98462,137608,-28.44
6,1734,杏輝藥品,160818,137907,121176,16.61,32.71,160818,121176,32.71
7,1736,喬山健康,497210,523444,518974,-5.01,-4.19,497210,518974,-4.19
8,1762,中化合成,109964,96072,92020,14.45,19.5,109964,92020,19.5
9,1789,台灣神隆,182176,502912,255645,-63.77,-28.73,182176,255645,-28.73
10,3164,景岳生技,21508,34044,27605,-36.82,-22.08,21508,27605,-22.08
11,3705,永信,89703,0,0,,,89703,0,
12,4104,佳醫,311565,297879,232244,4.59,34.15,311565,232244,34.15
13,4106,雃博,99572,125177,115267,-20.45,-13.61,99572,115267,-13.61
14,4108,懷特,5824,25312,1995,-76.99,191.92,5824,1995,191.92
15,4119,旭富製藥,97823,100292,61120,-2.46,60.05,97823,61120,60.05
16,4133,亞諾法,37075,32437,35090,14.29,5.65,37075,35090,5.65
17,4142,國光生技,143,0,150339,,-99.9,143,150339,-99.9
18,4737,華廣,88922,105592,69066,-15.78,28.74,88922,69066,28.74
19,4746,台耀,212133,242070,169416,-12.36,25.21,212133,169416,25.21
0,1802,台玻,1234291,1364105,1368041,-9.51,-9.77,1234291,1368041,-9.77
1,1806,冠軍,225152,242310,221819,-7.08,1.5,225152,221819,1.5
2,1809,中釉,116431,134441,131479,-13.39,-11.44,116431,131479,-11.44
3,1810,和成,255290,295507,230319,-13.6,10.84,255290,230319,10.84
0,1902,台紙,431427,472462,456502,-8.68,-5.49,431427,456502,-5.49
1,1903,士紙,159621,213937,184798,-25.38,-13.62,159621,184798,-13.62
2,1904,正隆,1962046,2029730,1761940,-3.33,11.35,1962046,1761940,11.35
3,1905,華紙,571257,527959,597805,8.2,-4.44,571257,597805,-4.44
4,1906,寶隆,6078,13824,25906,-56.03,-76.53,6078,25906,-76.53
5,1907,永豐餘,1545631,1584290,1502149,-2.44,2.89,1545631,1502149,2.89
6,1909,榮成,597431,601478,461226,-0.67,29.53,597431,461226,29.53
0,1532,勤美,369401,601362,334992,-38.57,10.27,369401,334992,10.27
1,2002,中鋼,19789877,19644434,18540248,0.74,6.74,19789877,18540248,6.74
2,2006,東和鋼鐵,3640529,3194461,2912884,13.96,24.98,3640529,2912884,24.98
3,2007,燁興公司,1196544,1073360,827177,11.47,44.65,1196544,827177,44.65
4,2008,高興昌,567842,668590,661370,-15.06,-14.14,567842,661370,-14.14
5,2009,第一伸銅,440786,460271,602040,-4.23,-26.78,440786,602040,-26.78
6,2010,春源鋼鐵,1318363,1333901,1334219,-1.16,-1.18,1318363,1334219,-1.18
7,2012,春雨,402738,346990,283664,16.06,41.97,402738,283664,41.97
8,2013,中鋼構,794315,1292545,590274,-38.54,34.56,794315,590274,34.56
9,2014,中鴻,4412746,3625536,3672001,21.71,20.17,4412746,3672001,20.17
10,2015,豐興鋼鐵,3161838,3388088,2640813,-6.67,19.72,3161838,2640813,19.72
11,2017,官田鋼,528193,468063,441722,12.84,19.57,528193,441722,19.57
12,2020,美亞鋼管,494087,566471,494830,-12.77,-0.15,494087,494830,-0.15
13,2022,聚亨,192576,181981,180456,5.82,6.71,192576,180456,6.71
14,2023,燁輝,2913671,2734867,2805782,6.53,3.84,2913671,2805782,3.84
15,2024,志聯工業,185486,145141,150486,27.79,23.25,185486,150486,23.25
16,2025,千興,563317,283317,444796,98.82,26.64,563317,444796,26.64
17,2027,大成鋼,714851,1108598,585745,-35.51,22.04,714851,585745,22.04
18,2028,威致鋼鐵,1116674,841328,635500,32.72,75.71,1116674,635500,75.71
19,2029,盛餘,1647373,1594486,1587445,3.31,3.77,1647373,1587445,3.77
20,2030,彰源,1301368,1220587,821703,6.61,58.37,1301368,821703,58.37
21,2031,新光鋼,638475,869144,715850,-26.53,-10.8,638475,715850,-10.8
22,2032,新鋼工業,479079,535989,400134,-10.61,19.72,479079,400134,19.72
23,2033,佳大世界,87039,87448,81010,-0.46,7.44,87039,81010,7.44
24,2034,允強,2003521,2065982,1693074,-3.02,18.33,2003521,1693074,18.33
25,2038,海光企業,1333578,1301820,1066948,2.43,24.98,1333578,1066948,24.98
26,3004,豐達科技,47051,137289,55312,-65.72,-14.93,47051,55312,-14.93
27,5007,三星科技,492631,442319,304899,11.37,61.57,492631,304899,61.57
28,9958,世紀鋼構,66257,154173,188694,-57.02,-64.88,66257,188694,-64.88
0,2101,南港輪胎,482592,502068,437748,-3.87,10.24,482592,437748,10.24
1,2102,泰豐輪胎,501001,608768,489324,-17.7,2.38,501001,489324,2.38
2,2103,台橡,1318839,1647057,1109115,-19.92,18.9,1318839,1109115,18.9
3,2104,中橡,417201,439817,478242,-5.14,-12.76,417201,478242,-12.76
4,2105,正新,1738836,2175023,1441086,-20.05,20.66,1738836,1441086,20.66
5,2106,建大,494912,501172,380807,-1.24,29.96,494912,380807,29.96
6,2107,厚生,272978,562364,294678,-51.45,-7.36,272978,294678,-7.36
7,2108,南帝化工,517091,488955,343755,5.75,50.42,517091,343755,50.42
8,2109,華豐橡膠,182010,242835,236001,-25.04,-22.87,182010,236001,-22.87
9,2114,鑫永銓,150511,155968,127988,-3.49,17.59,150511,127988,17.59
0,2201,裕隆汽車,6498794,2328397,2957685,179.11,119.72,6498794,2957685,119.72
1,2204,中華汽車,4696326,2841265,3199711,65.28,46.77,4696326,3199711,46.77
2,2206,三陽工業,2122322,1304733,1373661,62.66,54.5,2122322,1373661,54.5
3,2207,和泰汽車,13173484,4013200,8032438,228.25,64.0,13173484,8032438,64.0
4,2227,裕隆日產,4806136,1890802,2939524,154.18,63.5,4806136,2939524,63.5
0,1437,勤益,117740,118444,143678,-0.59,-18.05,117740,143678,-18.05
1,2302,麗正,24074,31768,26693,-24.21,-9.81,24074,26693,-9.81
2,2303,聯電,9525055,10178453,8600453,-6.41,10.75,9525055,8600453,10.75
3,2311,日月光,5669589,5746644,4618849,-1.34,22.74,5669589,4618849,22.74
4,2325,矽品,4619222,4821917,5082552,-4.2,-9.11,4619222,5082552,-9.11
5,2329,華泰電子,849100,1013544,803654,-16.22,5.65,849100,803654,5.65
6,2330,台積電,34424173,33751175,29156271,1.99,18.06,34424173,29156271,18.06
7,2337,旺宏,2147894,1736919,2228845,23.66,-3.63,2147894,2228845,-3.63
8,2338,光罩,161232,158707,173254,1.59,-6.93,161232,173254,-6.93
9,2342,茂矽,351280,254497,346035,38.02,1.51,351280,346035,1.51
10,2344,華邦電,2596235,2578632,2361008,0.68,9.96,2596235,2361008,9.96
11,2351,順德,650130,677567,596513,-4.04,8.98,650130,596513,8.98
12,2363,矽統科技,164288,136155,194375,20.66,-15.47,164288,194375,-15.47
13,2369,菱生,561731,472330,485695,18.92,15.65,561731,485695,15.65
14,2379,瑞昱,1886159,1676705,2386032,12.49,-20.94,1886159,2386032,-20.94
15,2388,威盛電子,434829,384576,367622,13.06,18.28,434829,367622,18.28
16,2401,凌陽科技,421188,441141,611199,-4.52,-31.08,421188,611199,-31.08
17,2408,南科,3442728,4048028,4722438,-14.95,-27.09,3442728,4722438,-27.09
18,2425,承啟,178709,102405,230488,74.51,-22.46,178709,230488,-22.46
19,2434,統懋,55630,80132,51330,-30.57,8.37,55630,51330,8.37
20,2436,偉詮電,162104,156373,214096,3.66,-24.28,162104,214096,-24.28
21,2441,超豐電子,818940,679101,912411,20.59,-10.24,818940,912411,-10.24
22,2449,京元電,1030137,1051680,1110352,-2.04,-7.22,1030137,1110352,-7.22
23,2451,創見資訊,2774162,3028651,2930284,-8.4,-5.32,2774162,2930284,-5.32
24,2454,聯發科,4779612,5296578,9042190,-9.76,-47.14,4779612,9042190,-47.14
25,2458,義隆,421502,378967,394344,11.22,6.88,421502,394344,6.88
26,2481,強茂,371201,410283,411376,-9.52,-9.76,371201,411376,-9.76
27,3006,晶豪科技,609431,442364,590733,37.76,3.16,609431,590733,3.16
28,3014,聯陽,370225,317392,434058,16.64,-14.7,370225,434058,-14.7
29,3016,嘉晶,81931,69595,64952,17.72,26.14,81931,64952,26.14
30,3034,聯詠,3026249,3018101,2905976,0.26,4.13,3026249,2905976,4.13
31,3035,智原,447227,445767,470118,0.32,-4.86,447227,470118,-4.86
32,3041,揚智,277475,284756,446103,-2.55,-37.8,277475,446103,-37.8
33,3054,萬國科技,95499,108630,53036,-12.08,80.06,95499,53036,80.06
34,3094,聯傑國際,30677,34911,48146,-12.12,-36.28,30677,48146,-36.28
35,3189,景碩科技,1383720,1328143,968011,4.18,42.94,1383720,968011,42.94
36,3257,虹冠電,45156,44094,42413,2.4,6.46,45156,42413,6.46
37,3443,創意電子,764968,851006,719602,-10.11,6.3,764968,719602,6.3
38,3474,華亞科,3221886,3115568,4018940,3.41,-19.83,3221886,4018940,-19.83
39,3519,綠能,2067631,2051933,1059564,0.76,95.13,2067631,1059564,95.13
40,3532,台勝科,747806,754052,689592,-0.82,8.44,747806,689592,8.44
41,3545,旭曜,416139,374711,433505,11.05,-4.0,416139,433505,-4.0
42,3559,全智科,94917,98779,81334,-3.9,16.7,94917,81334,16.7
43,3579,尚志,51076,51191,41851,-0.22,22.04,51076,41851,22.04
44,3583,辛耘,89419,408226,42629,-78.09,109.76,89419,42629,109.76
45,3588,通嘉,84273,75332,95264,11.86,-11.53,84273,95264,-11.53
46,3598,奕力,580565,560687,365108,3.54,59.01,580565,365108,59.01
47,3686,達能,468750,461892,171949,1.48,172.6,468750,171949,172.6
48,4919,新唐科技,545794,527303,602730,3.5,-9.44,545794,602730,-9.44
49,4952,凌通科技,205435,229457,193046,-10.46,6.41,205435,193046,6.41
50,5305,敦南科技,614465,618097,761329,-0.58,-19.29,614465,761329,-19.29
51,5471,松翰科技,255619,279229,343745,-8.45,-25.63,255619,343745,-25.63
52,6145,勁永國際,727161,662052,2571246,9.83,-71.71,727161,2571246,-71.71
53,6202,盛群,272359,220626,316129,23.44,-13.84,272359,316129,-13.84
54,6239,力成,3159009,3274276,2843267,-3.52,11.1,3159009,2843267,11.1
55,6243,迅杰,93315,106101,138322,-12.05,-32.53,93315,138322,-32.53
56,6257,矽格,368179,362290,345021,1.62,6.71,368179,345021,6.71
57,6271,同欣電子,552343,577260,324498,-4.31,70.21,552343,324498,70.21
58,6286,立錡,941080,807859,922780,16.49,1.98,941080,922780,1.98
59,8016,矽創電子,324199,356275,450672,-9.0,-28.06,324199,450672,-28.06
60,8081,致新,469613,368025,428296,27.6,9.64,469613,428296,9.64
61,8110,華東,660891,765968,550095,-13.71,20.14,660891,550095,20.14
62,8131,福懋科技,1013882,1190521,956190,-14.83,6.03,1013882,956190,6.03
63,8261,富鼎,277743,310518,314458,-10.55,-11.67,277743,314458,-11.67
64,8271,宇瞻科技,847627,706296,1338622,20.01,-36.67,847627,1338622,-36.67
0,2301,光寶科技,8024366,8255719,8331063,-2.8,-3.68,8024366,8331063,-3.68
1,2305,全友電腦,14290,12405,31194,15.19,-54.18,14290,31194,-54.18
2,2315,神達電腦,3036537,3622687,4354284,-16.17,-30.26,3036537,4354284,-30.26
3,2324,仁寶電腦,52972697,60286104,72954853,-12.13,-27.38,52972697,72954853,-27.38
4,2331,精英,4757168,5612940,3599125,-15.24,32.17,4757168,3599125,32.17
5,2352,佳世達,6069999,5963818,4707969,1.78,28.93,6069999,4707969,28.93
6,2353,宏��,33362239,34784676,51100247,-4.08,-34.71,33362239,51100247,-34.71
7,2356,英業達,27625908,29048252,28226511,-4.89,-2.12,27625908,28226511,-2.12
8,2357,華碩,19858286,22002631,22692501,-9.74,-12.48,19858286,22692501,-12.48
9,2358,美格,107126,52264,109194,104.97,-1.89,107126,109194,-1.89
10,2361,鴻友科技,68855,95909,50610,-28.2,36.05,68855,50610,36.05
11,2362,藍天,921255,1430142,894916,-35.58,2.94,921255,894916,2.94
12,2364,倫飛電腦,136803,198788,113902,-31.18,20.1,136803,113902,20.1
13,2365,昆盈企業,666953,722103,691109,-7.63,-3.49,666953,691109,-3.49
14,2376,技嘉,5006998,3769757,5500281,32.82,-8.96,5006998,5500281,-8.96
15,2377,微星科技,6907521,6663077,7338903,3.66,-5.87,6907521,7338903,-5.87
16,2380,虹光精密,231743,284124,213132,-18.43,8.73,231743,213132,8.73
17,2382,廣達,74500544,93420095,76398462,-20.25,-2.48,74500544,76398462,-2.48
18,2385,群光電子,1417666,1620380,1416597,-12.51,0.07,1417666,1416597,0.07
19,2387,精元電腦,197010,186018,151579,5.9,29.97,197010,151579,29.97
20,2395,研華,1497829,1423034,1066166,5.25,40.48,1497829,1066166,40.48
21,2397,友通資訊,138045,130567,144765,5.72,-4.64,138045,144765,-4.64
22,2399,映泰,664347,523052,572503,27.01,16.04,664347,572503,16.04
23,2405,浩鑫,184916,228787,190195,-19.17,-2.77,184916,190195,-2.77
24,2417,圓剛,161241,150990,312620,6.78,-48.42,161241,312620,-48.42
25,2424,隴華電子,17776,15074,4466,17.92,298.02,17776,4466,298.02
26,2438,英誌企業,7044,6401,5870,10.04,20.0,7044,5870,20.0
27,2442,新美齊,16350,343047,668273,-95.23,-97.55,16350,668273,-97.55
28,2465,麗臺科技,212937,175831,213416,21.1,-0.22,212937,213416,-0.22
29,2474,可成科技,679327,727580,67778,-6.63,902.28,679327,67778,902.28
30,3002,歐格電子,45227,44574,56930,1.46,-20.55,45227,56930,-20.55
31,3005,神基科技,436690,568189,396073,-23.14,10.25,436690,396073,10.25
32,3013,晟銘電子,294544,295556,365559,-0.34,-19.42,294544,365559,-19.42
33,3017,奇鋐科技,847272,727204,904941,16.51,-6.37,847272,904941,-6.37
34,3022,威達電,601047,363544,306745,65.32,95.94,601047,306745,95.94
35,3046,建��,128808,204505,107698,-37.01,19.6,128808,107698,19.6
36,3057,喬鼎資訊,89124,102582,79615,-13.11,11.94,89124,79615,11.94
37,3060,銘異,474466,509839,609201,-6.93,-22.11,474466,609201,-22.11
38,3231,緯創,40115952,48872017,45468637,-17.91,-11.77,40115952,45468637,-11.77
39,3494,誠研科技,104777,123968,110019,-15.48,-4.76,104777,110019,-4.76
40,3515,華擎,994062,703129,916194,41.37,8.49,994062,916194,8.49
41,3701,大眾投控,3631,3881,4090,-6.44,-11.22,3631,4090,-11.22
42,4915,致伸,2596723,3620953,2501980,-28.28,3.78,2596723,2501980,3.78
43,4938,和碩,22236577,19366317,26412583,14.82,-15.81,22236577,26412583,-15.81
44,6117,迎廣科技,249552,251329,217912,-0.7,14.51,249552,217912,14.51
45,6128,上福全球,123669,130911,121872,-5.53,1.47,123669,121872,1.47
46,6166,凌華科技,315608,262797,205381,20.09,53.66,315608,205381,53.66
47,6172,互億科技,27371,14932,83318,83.3,-67.14,27371,83318,-67.14
48,6206,飛捷,220191,183706,181491,19.86,21.32,220191,181491,21.32
49,6230,超眾,228064,263891,232716,-13.57,-1.99,228064,232716,-1.99
50,6235,華孚科技,11482,7696,29316,49.19,-60.83,11482,29316,-60.83
51,6277,宏正科,184676,238236,212206,-22.48,-12.97,184676,212206,-12.97
52,8008,建興電,3592627,3698602,3659994,-2.86,-1.84,3592627,3659994,-1.84
53,8114,振樺電子,116446,148149,110242,-21.39,5.62,116446,110242,5.62
54,8210,勤誠興業,168484,204455,184321,-17.59,-8.59,168484,184321,-8.59
55,9912,偉聯,42964,37675,38318,14.03,12.12,42964,38318,12.12
0,2323,中環,1160595,1206617,1514300,-3.81,-23.35,1160595,1514300,-23.35
1,2340,光磊,679373,694230,601575,-2.14,12.93,679373,601575,12.93
2,2349,錸德科技,1104269,1423883,1236594,-22.44,-10.7,1104269,1236594,-10.7
3,2374,佳能,2728828,3084521,2646751,-11.53,3.1,2728828,2646751,3.1
4,2384,勝華科技,6932172,7643907,2186668,-9.31,217.01,6932172,2186668,217.01
5,2393,億光電子,1175635,1298436,1160491,-9.45,1.3,1175635,1160491,1.3
6,2406,國碩科技,116893,112567,112330,3.84,4.06,116893,112330,4.06
7,2409,友達,28341220,28155506,36259625,0.65,-21.83,28341220,36259625,-21.83
8,2426,鼎元,261459,258645,271455,1.08,-3.68,261459,271455,-3.68
9,2443,新利虹,96085,96398,149247,-0.32,-35.62,96085,149247,-35.62
10,2448,晶電,1388350,1439375,1300578,-3.54,6.74,1388350,1300578,6.74
11,2466,冠西電,103198,107257,106730,-3.78,-3.3,103198,106730,-3.3
12,2475,華映,4913305,4533602,6303148,8.37,-22.04,4913305,6303148,-22.04
13,2486,一詮精密,306503,268446,321865,14.17,-4.77,306503,321865,-4.77
14,2489,瑞軒,3500441,8559318,4254684,-59.1,-17.72,3500441,4254684,-17.72
15,2491,吉祥全,27841,26295,23268,5.87,19.65,27841,23268,19.65
16,2499,東貝光電,532239,511463,347682,4.06,53.08,532239,347682,53.08
17,3008,大立光,1006078,988732,636613,1.75,58.03,1006078,636613,58.03
18,3019,亞洲光學,290615,307499,181543,-5.49,60.08,290615,181543,60.08
19,3024,憶聲電子,16824,37919,44374,-55.63,-62.08,16824,44374,-62.08
20,3031,佰鴻工業,359430,414492,346869,-13.28,3.62,359430,346869,3.62
21,3038,全台,422369,321358,291763,31.43,44.76,422369,291763,44.76
22,3049,和鑫,417139,564505,451020,-26.1,-7.51,417139,451020,-7.51
23,3050,鈺德科技,107825,93336,99529,15.52,8.33,107825,99529,8.33
24,3051,力特光電,441566,348691,458452,26.63,-3.68,441566,458452,-3.68
25,3059,華晶科技,1085766,1682410,1067108,-35.46,1.74,1085766,1067108,1.74
26,3061,璨圓光電,354754,295820,203977,19.92,73.91,354754,203977,73.91
27,3149,正達國際,404131,348499,117651,15.96,243.49,404131,117651,243.49
28,3356,奇偶科技,98847,99713,76618,-0.86,29.01,98847,76618,29.01
29,3383,新世紀,343662,342501,145874,0.33,135.58,343662,145874,135.58
30,3406,玉晶光,527999,762864,106359,-30.78,396.43,527999,106359,396.43
31,3454,晶睿,153191,156868,103006,-2.34,48.72,153191,103006,48.72
32,3481,群創光電,39988546,44142542,16109639,-9.41,148.22,39988546,16109639,148.22
33,3504,揚明光學,405057,348306,246761,16.29,64.14,405057,246761,64.14
34,3514,昱晶能源,2075275,2364434,1875565,-12.22,10.64,2075275,1875565,10.64
35,3535,晶彩科,19725,47855,60822,-58.78,-67.56,19725,60822,-67.56
36,3536,誠創科技,50376,52903,89070,-4.77,-43.44,50376,89070,-43.44
37,3557,嘉威光電,154594,109405,192549,41.3,-19.71,154594,192549,-19.71
38,3561,昇陽科,1621310,1424771,533187,13.79,204.07,1621310,533187,204.07
39,3573,穎台,428017,375799,346989,13.89,23.35,428017,346989,23.35
40,3576,新日光,2439522,2307164,975562,5.73,150.06,2439522,975562,150.06
41,3584,介面光電,326353,486391,409055,-32.9,-20.21,326353,409055,-20.21
42,3591,艾笛森,221653,191169,205803,15.94,7.7,221653,205803,7.7
43,3593,力銘,379554,330025,385632,15.0,-1.57,379554,385632,-1.57
44,3599,旺能,1082851,1069435,487788,1.25,121.99,1082851,487788,121.99
45,3622,洋華,1258607,1230881,1112971,2.25,13.08,1258607,1112971,13.08
46,3669,圓展,150747,142792,241423,5.57,-37.55,150747,241423,-37.55
47,3698,隆達,480978,659816,396300,-27.1,21.36,480978,396300,21.36
48,4934,太極能源,470259,557840,166499,-15.7,182.43,470259,166499,182.43
49,4942,嘉彰,86397,66344,105362,30.22,-17.99,86397,105362,-17.99
50,4956,光鋐,84032,90779,54122,-7.43,55.26,84032,54122,55.26
51,4960,奇美材料,1524757,1452587,1045714,4.96,45.81,1524757,1045714,45.81
52,4976,佳凌,93161,99950,42955,-6.79,116.88,93161,42955,116.88
53,5234,達興,243889,232536,221412,4.88,10.15,243889,221412,10.15
54,5484,慧友電子,121853,137821,180819,-11.58,-32.61,121853,180819,-32.61
55,6116,彩晶,3845326,3399551,4995420,13.11,-23.02,3845326,4995420,-23.02
56,6120,輔祥,1603486,1276709,1114773,25.59,43.83,1603486,1114773,43.83
57,6131,悠克電子,74743,134225,127443,-44.31,-41.35,74743,127443,-41.35
58,6164,華興電子,100240,95311,99208,5.17,1.04,100240,99208,1.04
59,6168,宏齊科技,398998,260392,298400,53.22,33.71,398998,298400,33.71
60,6176,瑞儀光電,308677,303129,221024,1.83,39.65,308677,221024,39.65
61,6209,今國光學,289351,301527,176439,-4.03,63.99,289351,176439,63.99
62,6225,天瀚,75679,-9095,74117,932.09,2.1,75679,74117,2.1
63,6226,光鼎電子,56217,72589,63630,-22.55,-11.65,56217,63630,-11.65
64,6278,台表科,279253,363254,411172,-23.12,-32.08,279253,411172,-32.08
65,6289,華上光電,88038,90417,102108,-2.63,-13.77,88038,102108,-13.77
66,8072,陞泰,268522,270746,243100,-0.82,10.45,268522,243100,10.45
67,8105,凌巨,1142328,1029451,983979,10.96,16.09,1142328,983979,16.09
68,8215,明基材料,1714482,1533496,1500791,11.8,14.23,1714482,1500791,14.23
0,2314,台揚科技,626010,630828,552540,-0.76,13.29,626010,552540,13.29
1,2321,東訊,576240,713137,594779,-19.19,-3.11,576240,594779,-3.11
2,2332,友訊科技,237796,214402,247206,10.91,-3.8,237796,247206,-3.8
3,2345,智邦科技,1232360,2015082,1153794,-38.84,6.8,1232360,1153794,6.8
4,2402,毅嘉科技,234656,215312,165312,8.98,41.94,234656,165312,41.94
5,2412,中華電,16205597,16090038,15599186,0.71,3.88,16205597,15599186,3.88
6,2419,仲琦,465789,757391,346961,-38.5,34.24,465789,346961,34.24
7,2439,美律,446822,542831,410728,-17.68,8.78,446822,410728,8.78
8,2444,友旺科技,193848,204105,184439,-5.02,5.1,193848,184439,5.1
9,2450,神腦,2129132,1950380,1506652,9.16,41.31,2129132,1506652,41.31
10,2455,全新,185756,159775,115988,16.26,60.15,185756,115988,60.15
11,2485,兆赫電子,860160,898477,825661,-4.26,4.17,860160,825661,4.17
12,2496,卓越成功,4130,-3301,9703,225.11,-57.43,4130,9703,-57.43
13,2498,宏達電,34654934,33537318,11120974,3.33,211.61,34654934,11120974,211.61
14,3025,星通,50154,57369,53534,-12.57,-6.31,50154,53534,-6.31
15,3027,盛達電業,77738,127683,126877,-39.11,-38.72,77738,126877,-38.72
16,3045,台灣大,5102956,5113503,4754668,-0.2,7.32,5102956,4754668,7.32
17,3047,訊舟科技,313569,228964,310595,36.95,0.95,313569,310595,0.95
18,3062,建漢科技,974969,1094693,1025085,-10.93,-4.88,974969,1025085,-4.88
19,3311,閎暉,447689,478913,365458,-6.51,22.5,447689,365458,22.5
20,3380,明泰科技,2129592,2242747,1584842,-5.04,34.37,2129592,1584842,34.37
21,3419,譁裕實業,110461,125426,127220,-11.93,-13.17,110461,127220,-13.17
22,3596,智易科技,1383353,1301487,1275014,6.29,8.49,1383353,1275014,8.49
23,3694,海華科技,409455,416068,476927,-1.58,-14.14,409455,476927,-14.14
24,3704,合勤控,247344,283537,0,-12.76,,247344,0,
25,4904,遠傳,5068673,5037421,4734718,0.62,7.05,5068673,4734718,7.05
26,4906,正文,1892137,2136357,1323858,-11.43,42.92,1892137,1323858,42.92
27,5388,中磊電子,959836,1068853,553379,-10.19,73.45,959836,553379,73.45
28,6136,富爾特,107078,76377,86204,40.19,24.21,107078,86204,24.21
29,6142,友勁科技,1023992,1154719,1076431,-11.32,-4.87,1023992,1076431,-4.87
30,6152,百一電子,756685,856503,372936,-11.65,102.89,756685,372936,102.89
31,6216,居易,64724,62888,67750,2.91,-4.46,64724,67750,-4.46
32,6283,淳安電子,35043,58054,60641,-39.63,-42.21,35043,60641,-42.21
33,6285,啟�眲鴔�,2679349,3175556,1371613,-15.62,95.34,2679349,1371613,95.34
34,8011,台通,98740,90245,135926,9.41,-27.35,98740,135926,-27.35
35,8078,華寶通訊,838099,1201752,2149755,-30.26,-61.01,838099,2149755,-61.01
36,8101,華冠通訊,1671170,2200911,796228,-24.06,109.88,1671170,796228,109.88
0,1471,首利,518317,589549,627166,-12.08,-17.35,518317,627166,-17.35
1,1582,信錦,131697,84305,82131,56.21,60.34,131697,82131,60.34
2,2059,川湖,137959,156855,188621,-12.04,-26.85,137959,188621,-26.85
3,2308,台達電,2704571,2847834,2400927,-5.03,12.64,2704571,2400927,12.64
4,2313,華通,1453539,1603012,1214744,-9.32,19.65,1453539,1214744,19.65
5,2316,楠梓電,345342,326280,343690,5.84,0.48,345342,343690,0.48
6,2327,國巨,1002671,946074,952462,5.98,5.27,1002671,952462,5.27
7,2328,廣宇,427054,397101,479567,7.54,-10.95,427054,479567,-10.95
8,2355,敬鵬,1136470,979655,953050,16.0,19.24,1136470,953050,19.24
9,2367,燿華,909942,863458,550411,5.38,65.32,909942,550411,65.32
10,2368,金像電,995812,1039754,1007853,-4.22,-1.19,995812,1007853,-1.19
11,2375,智寶,32502,34852,5042,-6.74,544.62,32502,5042,544.62
12,2383,台光電子,444173,344224,347804,29.03,27.7,444173,347804,27.7
13,2392,正崴,4262536,5085739,2267001,-16.18,88.02,4262536,2267001,88.02
14,2413,環科,286927,355854,292839,-19.36,-2.01,286927,292839,-2.01
15,2415,錩新,64299,85363,59067,-24.67,8.85,64299,59067,8.85
16,2420,新巨,311606,268374,292336,16.1,6.59,311606,292336,6.59
17,2421,建準電機,437072,490706,513007,-10.92,-14.8,437072,513007,-14.8
18,2428,興勤電子,218142,220168,201317,-0.92,8.35,218142,201317,8.35
19,2429,銘旺科,44102,48427,70096,-8.93,-37.08,44102,70096,-37.08
20,2431,聯昌電子,151996,156784,336299,-3.05,-54.8,151996,336299,-54.8
21,2437,旺詮,90963,84846,76289,7.2,19.23,90963,76289,19.23
22,2440,太空梭,172157,191800,184867,-10.24,-6.87,172157,184867,-6.87
23,2456,奇力新,167085,148264,152346,12.69,9.67,167085,152346,9.67
24,2457,飛宏科技,1163752,1421437,975375,-18.12,19.31,1163752,975375,19.31
25,2460,建通精密,194055,159459,238329,21.69,-18.57,194055,238329,-18.57
26,2462,良得電,298100,269630,287788,10.55,3.58,298100,287788,3.58
27,2467,志聖工業,196688,237614,121467,-17.22,61.92,196688,121467,61.92
28,2472,立隆電子,307838,321499,322312,-4.24,-4.49,307838,322312,-4.49
29,2476,鉅祥,100524,113191,138228,-11.19,-27.27,100524,138228,-27.27
30,2478,大毅,209990,206049,173691,1.91,20.89,209990,173691,20.89
31,2483,百容,109210,103468,108375,5.54,0.77,109210,108375,0.77
32,2484,希華,188611,173128,155528,8.94,21.27,188611,155528,21.27
33,2492,華新科,661546,550881,656652,20.08,0.74,661546,656652,0.74
34,2493,揚博科技,192142,214338,103691,-10.35,85.3,192142,103691,85.3
35,3003,健和興,180598,221901,139805,-18.61,29.17,180598,139805,29.17
36,3011,今皓,74513,75276,65100,-1.01,14.45,74513,65100,14.45
37,3015,全漢,1210799,1191284,1357858,1.63,-10.83,1210799,1357858,-10.83
38,3023,信邦電子,202645,173399,160901,16.86,25.94,202645,160901,25.94
39,3026,禾伸堂,1287182,1218829,1031599,5.6,24.77,1287182,1031599,24.77
40,3032,偉訓科技,140166,177278,145692,-20.93,-3.79,140166,145692,-3.79
41,3037,欣興電子,4120532,4218427,3560272,-2.32,15.73,4120532,3560272,15.73
42,3042,晶技,748269,744588,616840,0.49,21.3,748269,616840,21.3
43,3044,健鼎科技,401825,454649,358747,-11.61,12.0,401825,358747,12.0
44,3058,立德電子,396175,451156,345344,-12.18,14.71,396175,345344,14.71
45,3090,日電貿,180288,158620,197586,13.66,-8.75,180288,197586,-8.75
46,3229,晟鈦,74926,71700,67587,4.49,10.85,74926,67587,10.85
47,3296,勝德國際,233400,231301,305973,0.9,-23.71,233400,305973,-23.71
48,3308,聯德電子,309145,311503,327991,-0.75,-5.74,309145,327991,-5.74
49,3376,新日興,252440,266441,270108,-5.25,-6.54,252440,270108,-6.54
50,3432,台端,68340,83218,173156,-17.87,-60.53,68340,173156,-60.53
51,3501,維熹科技,371986,340158,354506,9.35,4.93,371986,354506,4.93
52,3533,嘉澤端子,556656,577168,545884,-3.55,1.97,556656,545884,1.97
53,3550,聯穎,198207,197647,170534,0.28,16.22,198207,170534,16.22
54,3605,宏致,222876,203628,246486,9.45,-9.57,222876,246486,-9.57
55,3607,谷崧,437748,446247,414641,-1.9,5.57,437748,414641,5.57
56,3645,達邁,86173,63482,60179,35.74,43.19,86173,60179,43.19
57,3653,健策,310264,244310,215245,26.99,44.14,310264,215245,44.14
58,3679,新至陞,226638,374499,229217,-39.48,-1.12,226638,229217,-1.12
59,5469,瀚宇博德,176077,189927,181068,-7.29,-2.75,176077,181068,-2.75
60,6108,競國實業,212947,183673,201414,15.93,5.72,212947,201414,5.72
61,6115,鎰勝,455272,470900,510225,-3.31,-10.77,455272,510225,-10.77
62,6133,金橋科技,76684,90791,73991,-15.53,3.63,76684,73991,3.63
63,6141,柏承科技,80378,86114,92754,-6.66,-13.34,80378,92754,-13.34
64,6153,嘉聯益,561536,639152,524758,-12.14,7.0,561536,524758,7.0
65,6155,鈞寶,45367,44707,55431,1.47,-18.15,45367,55431,-18.15
66,6165,捷泰精密,48685,38789,60823,25.51,-19.95,48685,60823,-19.95
67,6191,精成科技,2486510,2524114,2290394,-1.48,8.56,2486510,2290394,8.56
68,6205,詮欣,144591,109675,126526,31.83,14.27,144591,126526,14.27
69,6213,聯茂,461565,374739,350471,23.16,31.69,461565,350471,31.69
70,6224,聚鼎,101657,95133,77908,6.85,30.48,101657,77908,30.48
71,6251,定穎電子,808674,839090,965597,-3.62,-16.25,808674,965597,-16.25
72,6269,台郡科技,439188,463369,238840,-5.21,83.88,439188,238840,83.88
73,6282,康舒,1469402,1599490,1410013,-8.13,4.21,1469402,1410013,4.21
74,8039,台虹科技,393484,334038,418930,17.79,-6.07,393484,418930,-6.07
75,8046,南電,2855158,3069835,2670888,-6.99,6.89,2855158,2670888,6.89
76,8103,瀚荃,121466,106512,103784,14.03,17.03,121466,103784,17.03
77,8163,達方電子,1008626,933017,1103865,8.1,-8.62,1008626,1103865,-8.62
78,8213,志超,1253510,1171553,1178673,6.99,6.34,1253510,1178673,6.34
79,8249,菱光科技,383005,544671,487943,-29.68,-21.5,383005,487943,-21.5
0,2347,聯強國際,5733223,5203319,4147176,10.18,38.24,5733223,4147176,38.24
1,2348,海悅,26586,32576,34945,-18.38,-23.92,26586,34945,-23.92
2,2359,所羅門,311962,343741,376133,-9.24,-17.06,311962,376133,-17.06
3,2414,精技電腦,1084271,1441924,1219117,-24.8,-11.06,1084271,1219117,-11.06
4,2430,燦坤實業,3123561,2381369,2679004,31.16,16.59,3123561,2679004,16.59
5,2459,敦吉,435354,443405,559465,-1.81,-22.18,435354,559465,-22.18
6,3010,華立,2085181,1979371,1385462,5.34,50.5,2085181,1385462,50.5
7,3028,增你強,2814787,2467100,2126299,14.09,32.37,2814787,2126299,32.37
8,3033,威健,1609583,1568469,1354211,2.62,18.85,1609583,1354211,18.85
9,3036,文曄科技,5342955,4481890,3914956,19.21,36.47,5342955,3914956,36.47
10,3040,遠見,12073,15591,20666,-22.56,-41.58,12073,20666,-41.58
11,3048,益登,2474803,2641559,3326142,-6.31,-25.59,2474803,3326142,-25.59
12,3055,蔚華科技,197640,172556,457854,14.53,-56.83,197640,457854,-56.83
13,3209,全科,922808,672439,650256,37.23,41.91,922808,650256,41.91
14,3312,弘憶國際,962241,1113781,1052945,-13.6,-8.61,962241,1052945,-8.61
15,3315,宣昶,530860,476877,806242,11.32,-34.15,530860,806242,-34.15
16,3702,大聯大,424630,488106,508328,-13.0,-16.46,424630,508328,-16.46
17,5434,崇越科技,1168589,1112916,802985,5.0,45.53,1168589,802985,45.53
18,6189,豐藝電子,1506853,1594598,1526913,-5.5,-1.31,1506853,1526913,-1.31
19,6281,全國電,1382175,902600,1045437,53.13,32.21,1382175,1045437,32.21
20,8070,長華電材,969558,854144,1056947,13.51,-8.26,969558,1056947,-8.26
21,8112,至上電子,2944103,2904979,3465757,1.34,-15.05,2944103,3465757,-15.05
0,2427,三商電腦,148089,281792,127302,-47.44,16.32,148089,127302,16.32
1,2453,凌群,156836,541204,155034,-71.02,1.16,156836,155034,1.16
2,2468,華經,93180,162282,117484,-42.58,-20.68,93180,117484,-20.68
3,2471,資通,64061,85714,42061,-25.26,52.3,64061,42061,52.3
4,2480,敦陽科技,320999,367861,326054,-12.73,-1.55,320999,326054,-1.55
5,3021,衛展資訊,39259,57046,49281,-31.18,-20.33,39259,49281,-20.33
6,3029,零壹科技,384956,377065,255155,2.09,50.87,384956,255155,50.87
7,3130,一零四,82901,82609,65236,0.35,27.07,82901,65236,27.07
8,5203,訊連,124106,350512,149580,-64.59,-17.03,124106,149580,-17.03
9,6112,聚碩,411808,433648,301741,-5.03,36.47,411808,301741,36.47
10,6183,關貿,62947,175633,60901,-64.15,3.35,62947,60901,3.35
11,6214,精誠資訊,768813,1134518,665200,-32.23,15.57,768813,665200,15.57
0,2312,金寶電子,1765522,2400026,1553086,-26.43,13.67,1765522,1553086,13.67
1,2317,鴻海,186234120,244683538,136337191,-23.88,36.59,186234120,136337191,36.59
2,2354,鴻準,6502339,6211582,8317839,4.68,-21.82,6502339,8317839,-21.82
3,2360,致茂電子,446807,368142,434177,21.36,2.9,446807,434177,2.9
4,2371,大同,3180020,3152104,3064516,0.88,3.76,3180020,3064516,3.76
5,2373,震旦行,231777,265872,211997,-12.82,9.33,231777,211997,9.33
6,2390,云辰,36647,40728,58433,-10.02,-37.28,36647,58433,-37.28
7,2404,漢唐,440271,543711,408368,-19.02,7.81,440271,408368,7.81
8,2423,固緯,125854,163216,109059,-22.89,15.39,125854,109059,15.39
9,2433,互盛電,111109,120637,107363,-7.89,3.48,111109,107363,3.48
10,2461,光群雷射,37998,56401,38184,-32.62,-0.48,37998,38184,-0.48
11,2464,盟立,537673,682748,382963,-21.24,40.39,537673,382963,40.39
12,2477,美隆電,419811,377475,223512,11.21,87.82,419811,223512,87.82
13,2482,連宇,70642,88904,56280,-20.54,25.51,70642,56280,25.51
14,2488,漢平,90740,114851,93219,-20.99,-2.65,90740,93219,-2.65
15,2495,普安,209883,208785,208270,0.52,0.77,209883,208270,0.77
16,2497,怡利電子,74022,100620,46089,-26.43,60.6,74022,46089,60.6
17,3018,同開科技,30345,129348,7564,-76.54,301.17,30345,7564,301.17
18,3030,德律科技,286868,136596,210896,110.01,36.02,286868,210896,36.02
19,3043,科風,538049,535499,226616,0.47,137.42,538049,226616,137.42
20,3052,夆典,141020,134303,240956,5.0,-41.47,141020,240956,-41.47
21,3305,昇貿科技,365616,303530,265080,20.45,37.92,365616,265080,37.92
22,3450,聯鈞,205338,216115,158984,-4.98,29.15,205338,158984,29.15
23,3518,柏騰科技,11603,19334,17158,-39.98,-32.37,11603,17158,-32.37
24,3617,碩天科技,197102,319072,140848,-38.22,39.93,197102,140848,39.93
25,6139,亞翔工程,249023,353110,201682,-29.47,23.47,249023,201682,23.47
26,6192,巨路國際,390050,332680,324196,17.24,20.31,390050,324196,20.31
27,6196,帆宣科技,510590,1686660,248361,-69.72,105.58,510590,248361,105.58
28,6197,佳必琪,212659,179121,359777,18.72,-40.89,212659,359777,-40.89
29,6201,亞弘電,324711,251970,338659,28.86,-4.11,324711,338659,-4.11
30,6215,和椿科技,103852,99831,92190,4.02,12.64,103852,92190,12.64
31,8021,尖點,105632,97644,73679,8.18,43.36,105632,73679,43.36
32,8201,無敵,188881,211878,269398,-10.85,-29.88,188881,269398,-29.88
0,2616,山隆通運,1384165,1368342,1164491,1.15,18.86,1384165,1164491,18.86
1,6505,台塑石化,72468119,70856712,73281800,2.27,-1.11,72468119,73281800,-1.11
2,8926,台汽電,83989,91134,82897,-7.84,1.31,83989,82897,1.31
3,9908,大台北,472747,439557,463644,7.55,1.96,472747,463644,1.96
4,9918,欣天然,236086,253845,238170,-6.99,-0.87,236086,238170,-0.87
5,9926,新海瓦斯,247139,214096,243301,15.43,1.57,247139,243301,1.57
6,9931,欣高,127432,105192,121232,21.14,5.11,127432,121232,5.11
7,9937,全國,2632672,2600779,2102977,1.22,25.18,2632672,2102977,25.18
0,1436,福益,763,2748,891,-72.23,-14.36,763,891,-14.36
1,1442,名軒,402800,260712,157330,54.49,156.02,402800,157330,156.02
2,1805,寶徠,5836,130385,36097,-95.52,-83.83,5836,36097,-83.83
3,1808,潤隆,67881,69446,139704,-2.25,-51.41,67881,139704,-51.41
4,2501,國建,21221,47988,57723,-55.77,-63.23,21221,57723,-63.23
5,2504,國產,938426,901104,852335,4.14,10.1,938426,852335,10.1
6,2505,國揚實業,20596,59852,30448,-65.58,-32.35,20596,30448,-32.35
7,2506,太設,64535,247820,125148,-73.95,-48.43,64535,125148,-48.43
8,2509,全坤建,398221,653847,252386,-39.09,57.78,398221,252386,57.78
9,2511,太子,720621,1802510,363674,-60.02,98.15,720621,363674,98.15
10,2515,中工,1125147,1362913,1221715,-17.44,-7.9,1125147,1221715,-7.9
11,2516,新亞,637477,715327,513131,-10.88,24.23,637477,513131,24.23
12,2520,冠德,162935,185550,149953,-12.18,8.65,162935,149953,8.65
13,2524,京城,199034,376951,188798,-47.19,5.42,199034,188798,5.42
14,2527,宏璟,21381,31823,54538,-32.81,-60.79,21381,54538,-60.79
15,2528,皇普建設,201,214,2847,-6.07,-92.93,201,2847,-92.93
16,2530,華建,43490,106471,480582,-59.15,-90.95,43490,480582,-90.95
17,2534,宏盛,9315,15080,203557,-38.22,-95.42,9315,203557,-95.42
18,2535,達工,1030016,1350186,832085,-23.71,23.78,1030016,832085,23.78
19,2536,宏普建設,156756,88486,640698,77.15,-75.53,156756,640698,-75.53
20,2537,聯上開發,45,154012,18447,-99.97,-99.75,45,18447,-99.75
21,2538,基泰建設,71061,950549,67987,-92.52,4.52,71061,67987,4.52
22,2539,櫻花建設,97682,227115,38365,-56.99,154.61,97682,38365,154.61
23,2540,金尚昌,0,0,0,,,0,0,
24,2542,興富發,5587619,1562312,4129544,257.65,35.3,5587619,4129544,35.3
25,2543,皇昌營造,374662,521180,446147,-28.11,-16.02,374662,446147,-16.02
26,2545,皇翔,91457,154438,48449,-40.78,88.76,91457,48449,88.76
27,2546,根基,530249,739291,323479,-28.27,63.92,530249,323479,63.92
28,2547,日勝,1542843,1269276,825149,21.55,86.97,1542843,825149,86.97
29,2548,華固建設,1936730,1073701,1745416,80.37,10.96,1936730,1745416,10.96
30,2597,潤弘精密,335826,335301,447599,0.15,-24.97,335826,447599,-24.97
31,2841,台灣土地,4083,14861,45045,-72.52,-90.93,4083,45045,-90.93
32,3056,總太地產,5338,143617,90899,-96.28,-94.12,5338,90899,-94.12
33,3703,欣陸投控,163937,-63620,0,357.68,,163937,0,
34,5515,建國工程,301711,725257,388314,-58.39,-22.3,301711,388314,-22.3
35,5521,工信,487546,413595,934086,17.88,-47.8,487546,934086,-47.8
36,5522,遠雄建設,1817757,1646385,3186317,10.4,-42.95,1817757,3186317,-42.95
37,5525,順天建設,132406,274720,48050,-51.8,175.55,132406,48050,175.55
38,5531,鄉林建設,117549,285999,257838,-58.89,-54.4,117549,257838,-54.4
39,5533,皇鼎建設,295912,362,495101,81643.64,-40.23,295912,495101,-40.23
40,5534,長虹,766066,328021,846592,133.54,-9.51,766066,846592,-9.51
0,2208,台船公司,2756939,2453808,2165095,12.35,27.33,2756939,2165095,27.33
1,2601,益航,15940,16878,20486,-5.55,-22.19,15940,20486,-22.19
2,2603,長榮海運,1400696,1400792,1164396,-0.0,20.29,1400696,1164396,20.29
3,2605,新興,16249,24051,18412,-32.43,-11.74,16249,18412,-11.74
4,2606,裕民,125148,153858,170223,-18.66,-26.47,125148,170223,-26.47
5,2607,榮運,365646,372934,352602,-1.95,3.69,365646,352602,3.69
6,2608,嘉里大榮,571797,530019,482121,7.88,18.6,571797,482121,18.6
7,2609,陽明海運,8688604,9270336,7222258,-6.27,20.3,8688604,7222258,20.3
8,2610,華航,11041154,11422063,10035147,-3.33,10.02,11041154,10035147,10.02
9,2611,志信,33011,36887,41559,-10.5,-20.56,33011,41559,-20.56
10,2612,中航,141417,132909,127835,6.4,10.62,141417,127835,10.62
11,2613,中櫃,182534,212332,199065,-14.03,-8.3,182534,199065,-8.3
12,2614,東森,652141,642260,577602,1.53,12.9,652141,577602,12.9
13,2615,萬海,5610449,5836767,4443526,-3.87,26.26,5610449,4443526,26.26
14,2617,台航,125579,137907,101568,-8.93,23.64,125579,101568,23.64
15,2618,長榮航,8634724,8668763,7588211,-0.39,13.79,8634724,7588211,13.79
16,5607,遠雄港,7245,-4226,4,271.43,181025.0,7245,4,181025.0
17,5608,四維航業,50425,52124,45019,-3.25,12.0,50425,45019,12.0
18,6702,復興航空,681585,688515,537722,-1.0,26.75,681585,537722,26.75
0,2701,萬企,26950,24748,27798,8.89,-3.05,26950,27798,-3.05
1,2702,華園,18817,15738,13533,19.56,39.04,18817,13533,39.04
2,2704,國賓,265994,237001,241214,12.23,10.27,265994,241214,10.27
3,2705,六福,210946,395025,178650,-46.59,18.07,210946,178650,18.07
4,2706,第一店,26114,27226,26811,-4.08,-2.59,26114,26811,-2.59
5,2707,晶華酒店,342892,322517,307365,6.31,11.55,342892,307365,11.55
6,2722,夏都,27316,28759,26904,-5.01,1.53,27316,26904,1.53
7,5706,鳳凰旅遊,50925,93835,62758,-45.72,-18.85,50925,62758,-18.85
8,8940,新天地,209785,80806,144556,159.61,45.12,209785,144556,45.12
0,2801,彰化銀行,1987033,5813473,1873123,-65.82,6.08,1987033,1873123,6.08
1,2809,京城銀行,324595,312844,280892,3.75,15.55,324595,280892,15.55
2,2812,台中銀行,528135,-40070,417894,1418.03,26.38,528135,417894,26.38
3,2816,旺旺保險,479011,841528,506022,-43.07,-5.33,479011,506022,-5.33
4,2820,華票,192482,163563,151168,17.68,27.32,192482,151168,27.32
5,2823,中壽,9976831,27130711,17993312,-63.22,-44.55,9976831,17993312,-44.55
6,2832,台產,367333,1182460,1243897,-68.93,-70.46,367333,1243897,-70.46
7,2833,台灣人壽,4036541,13771710,6757003,-70.68,-40.26,4036541,6757003,-40.26
8,2834,臺灣企銀,1632999,1608361,1284862,1.53,27.09,1632999,1284862,27.09
9,2836,高銀,204815,72618,195017,182.04,5.02,204815,195017,5.02
10,2837,萬泰銀行,80833,67163,38354,20.35,110.75,80833,38354,110.75
11,2838,聯邦銀行,571282,761944,482609,-25.02,18.37,571282,482609,18.37
12,2845,遠東商銀,681868,616408,665579,10.61,2.44,681868,665579,2.44
13,2847,大眾銀行,659979,665733,679249,-0.86,-2.83,659979,679249,-2.83
14,2849,安泰銀行,393754,392211,440842,0.39,-10.68,393754,440842,-10.68
15,2850,新產,1682774,1463202,6291148,15.0,-73.25,1682774,6291148,-73.25
16,2851,中再保,1251480,1617485,608408,-22.62,105.69,1251480,608408,105.69
17,2852,第一保,377643,688918,1455264,-45.18,-74.04,377643,1455264,-74.04
18,2855,統一證券,578189,584267,483993,-1.04,19.46,578189,483993,19.46
19,2856,元富證券,3375083,3259869,2475913,3.53,36.31,3375083,2475913,36.31
20,2867,三商美邦,11390565,11980327,16061243,-4.92,-29.08,11390565,16061243,-29.08
21,2880,華南金,778552,-451825,495401,272.31,57.15,778552,495401,57.15
22,2881,富邦金,5269504,-2253772,2719016,333.8,93.8,5269504,2719016,93.8
23,2882,國泰金,1421059,-2603226,-492876,154.58,388.31,1421059,-492876,388.31
24,2883,開發金,729475,2046285,162662,-64.35,348.46,729475,162662,348.46
25,2884,玉山金控,509298,142772,362465,256.72,40.5,509298,362465,40.5
26,2885,元大金,1259376,811447,688989,55.2,82.78,1259376,688989,82.78
27,2886,兆豐金,1818926,1354913,1445017,34.24,25.87,1818926,1445017,25.87
28,2887,台新金控,1015612,1058476,778696,-4.04,30.42,1015612,778696,30.42
29,2888,新光金,-1712581,-1620892,-1130104,-5.65,-51.54,-1712581,-1130104,-51.54
30,2889,國票金控,184366,537221,72719,-65.68,153.53,184366,72719,153.53
31,2890,永豐金控,623608,312064,44843,99.83,1290.64,623608,44843,1290.64
32,2891,中信金,1195475,782626,1403850,52.75,-14.84,1195475,1403850,-14.84
33,2892,第一金控,811432,756144,41557,7.31,1852.57,811432,41557,1852.57
34,6005,群益證,573511,779134,315399,-26.39,81.83,573511,315399,81.83
0,2901,欣欣大眾,63725,66155,57411,-3.67,10.99,63725,57411,10.99
1,2903,遠百,2493469,1669294,1863756,49.37,33.78,2493469,1863756,33.78
2,2905,三商行,905785,598695,595936,51.29,51.99,905785,595936,51.99
3,2906,高林實,372049,324375,313061,14.69,18.84,372049,313061,18.84
4,2908,特力,1413648,804946,1035320,75.62,36.54,1413648,1035320,36.54
5,2910,統領,214348,133453,153719,60.61,39.44,214348,153719,39.44
6,2911,麗嬰房,302347,222067,218643,36.15,38.28,302347,218643,38.28
7,2912,統一超,9336890,9730864,8761825,-4.04,6.56,9336890,8761825,6.56
8,2913,台灣農林,67068,91108,73653,-26.38,-8.94,67068,73653,-8.94
9,2915,潤泰全球,499524,424728,358902,17.61,39.18,499524,358902,39.18
0,1435,中福,1944,1816,3500,7.04,-44.45,1944,3500,-44.45
1,2062,橋椿,293967,325733,389005,-9.75,-24.43,293967,389005,-24.43
2,2514,龍邦國際,11115,7722,9728,43.93,14.25,11115,9728,14.25
3,2904,匯僑,33026,31341,32254,5.37,2.39,33026,32254,2.39
4,6184,大豐電,53412,54711,53814,-2.37,-0.74,53412,53814,-0.74
5,6504,南六企業,205053,234938,180881,-12.72,13.36,205053,180881,13.36
6,8033,雷虎科技,56470,75119,63515,-24.82,-11.09,56470,63515,-11.09
7,8422,可寧衛,69027,131663,56884,-47.57,21.34,69027,56884,21.34
8,9902,台火,18431,5487,492895,235.9,-96.26,18431,492895,-96.26
9,9904,寶成工業,1097958,1269652,990085,-13.52,10.89,1097958,990085,10.89
10,9905,大華金,225643,251737,199989,-10.36,12.82,225643,199989,12.82
11,9906,興達,1246,2495,3720,-50.06,-66.5,1246,3720,-66.5
12,9907,統一實業,1996446,1808957,1970971,10.36,1.29,1996446,1970971,1.29
13,9910,豐泰企業,1194504,1195371,855780,-0.07,39.58,1194504,855780,39.58
14,9911,台灣櫻花,448434,378861,446316,18.36,0.47,448434,446316,0.47
15,9914,美利達,1256604,1605003,984383,-21.7,27.65,1256604,984383,27.65
16,9917,中保,505325,531168,486016,-4.86,3.97,505325,486016,3.97
17,9919,康那香,275383,286665,293602,-3.93,-6.2,275383,293602,-6.2
18,9921,巨大機械,1632348,1822018,1525899,-10.4,6.97,1632348,1525899,6.97
19,9924,台灣福興,314140,241747,262837,29.94,19.51,314140,262837,19.51
20,9925,新光保全,308263,314765,282623,-2.06,9.07,308263,282623,9.07
21,9927,泰銘,863582,805121,776121,7.26,11.26,863582,776121,11.26
22,9928,中視,122760,201730,121167,-39.14,1.31,122760,121167,1.31
23,9929,秋雨,80054,84600,72908,-5.37,9.8,80054,72908,9.8
24,9930,中聯資源,480903,550105,397069,-12.57,21.11,480903,397069,21.11
25,9933,中鼎工程,2202085,3297050,1274981,-33.21,72.71,2202085,1274981,72.71
26,9934,成霖企業,272502,285624,254630,-4.59,7.01,272502,254630,7.01
27,9935,慶豐富,263513,128430,382145,105.18,-31.04,263513,382145,-31.04
28,9938,台灣百和,134803,189575,119319,-28.89,12.97,134803,119319,12.97
29,9939,宏全,484277,486180,369214,-0.39,31.16,484277,369214,31.16
30,9940,信義房屋,850136,1328982,637682,-36.03,33.31,850136,637682,33.31
31,9941,裕融企業,138205,135154,126785,2.25,9.0,138205,126785,9.0
32,9942,茂順,142033,162145,120693,-12.4,17.68,142033,120693,17.68
33,9943,好樂迪,289282,250135,282648,15.65,2.34,289282,282648,2.34
34,9944,新麗企業,39890,37061,39650,7.63,0.6,39890,39650,0.6
35,9945,潤泰創新,746089,870496,684111,-14.29,9.05,746089,684111,9.05
36,9955,佳龍,647630,716083,630671,-9.55,2.68,647630,630671,2.68
0,1704,榮化,2276439,2594407,2258455,-12.25,0.79,2276439,2258455,0.79
1,1708,東鹼,220263,246575,248210,-10.67,-11.25,220263,248210,-11.25
2,1709,和益化工,778358,635375,688354,22.5,13.07,778358,688354,13.07
3,1710,東聯,1168208,791336,1084405,47.62,7.72,1168208,1084405,7.72
4,1711,永光化學,479228,491261,487668,-2.44,-1.73,479228,487668,-1.73
5,1712,興農,539976,582086,557479,-7.23,-3.13,539976,557479,-3.13
6,1713,國化,51214,52897,43106,-3.18,18.8,51214,43106,18.8
7,1714,和桐化學,1256423,764695,1059686,64.3,18.56,1256423,1059686,18.56
8,1717,長興化學,1666294,1539532,1532017,8.23,8.76,1666294,1532017,8.76
9,1718,中纖,1459267,1718264,1160205,-15.07,25.77,1459267,1160205,25.77
10,1721,三晃,140693,169163,163924,-16.82,-14.17,140693,163924,-14.17
11,1722,台肥,1243701,1413380,922276,-12.0,34.85,1243701,922276,34.85
12,1723,中碳,821409,854907,581449,-3.91,41.26,821409,581449,41.26
13,1724,台硝,194014,160802,131808,20.65,47.19,194014,131808,47.19
14,1725,元禎,816099,721042,852434,13.18,-4.26,816099,852434,-4.26
15,1726,永記造漆,756911,628044,576113,20.51,31.38,756911,576113,31.38
16,1727,中華化學,170297,169017,109757,0.75,55.15,170297,109757,55.15
17,1730,花仙子,117884,102865,97353,14.6,21.08,117884,97353,21.08
18,1732,毛寶,115517,61021,104375,89.3,10.67,115517,104375,10.67
19,1735,日勝化,144576,191530,177652,-24.51,-18.61,144576,177652,-18.61
20,1737,臺鹽,227778,207922,206576,9.54,10.26,227778,206576,10.26
21,1773,勝一化工,579743,571717,456494,1.4,26.99,579743,456494,26.99
22,4722,國精化學,202696,223469,159029,-9.29,27.45,202696,159029,27.45
23,4725,信昌化,2025285,1942568,1547706,4.25,30.85,2025285,1547706,30.85
24,4733,上緯企業,127857,140993,104132,-9.31,22.78,127857,104132,22.78
25,1701,中化,253197,201919,262635,25.39,-3.59,253197,262635,-3.59
26,1707,葡萄王,209482,213505,133655,-1.88,56.73,209482,133655,56.73
27,1720,生達化學,207277,164774,178825,25.79,15.91,207277,178825,15.91
28,1729,必翔實業,96251,131592,64982,-26.85,48.11,96251,64982,48.11
29,1731,美吾華,262831,144986,222915,81.28,17.9,262831,222915,17.9
30,1733,五鼎,98462,117408,137608,-16.13,-28.44,98462,137608,-28.44
31,1734,杏輝藥品,160818,137907,121176,16.61,32.71,160818,121176,32.71
32,1736,喬山健康,497210,523444,518974,-5.01,-4.19,497210,518974,-4.19
33,1762,中化合成,109964,96072,92020,14.45,19.5,109964,92020,19.5
34,1789,台灣神隆,182176,502912,255645,-63.77,-28.73,182176,255645,-28.73
35,3164,景岳生技,21508,34044,27605,-36.82,-22.08,21508,27605,-22.08
36,3705,永信,89703,0,0,,,89703,0,
37,4104,佳醫,311565,297879,232244,4.59,34.15,311565,232244,34.15
38,4106,雃博,99572,125177,115267,-20.45,-13.61,99572,115267,-13.61
39,4108,懷特,5824,25312,1995,-76.99,191.92,5824,1995,191.92
40,4119,旭富製藥,97823,100292,61120,-2.46,60.05,97823,61120,60.05
41,4133,亞諾法,37075,32437,35090,14.29,5.65,37075,35090,5.65
42,4142,國光生技,143,0,150339,,-99.9,143,150339,-99.9
43,4737,華廣,88922,105592,69066,-15.78,28.74,88922,69066,28.74
44,4746,台耀,212133,242070,169416,-12.36,25.21,212133,169416,25.21
0,1437,勤益,117740,118444,143678,-0.59,-18.05,117740,143678,-18.05
1,2302,麗正,24074,31768,26693,-24.21,-9.81,24074,26693,-9.81
2,2303,聯電,9525055,10178453,8600453,-6.41,10.75,9525055,8600453,10.75
3,2311,日月光,5669589,5746644,4618849,-1.34,22.74,5669589,4618849,22.74
4,2325,矽品,4619222,4821917,5082552,-4.2,-9.11,4619222,5082552,-9.11
5,2329,華泰電子,849100,1013544,803654,-16.22,5.65,849100,803654,5.65
6,2330,台積電,34424173,33751175,29156271,1.99,18.06,34424173,29156271,18.06
7,2337,旺宏,2147894,1736919,2228845,23.66,-3.63,2147894,2228845,-3.63
8,2338,光罩,161232,158707,173254,1.59,-6.93,161232,173254,-6.93
9,2342,茂矽,351280,254497,346035,38.02,1.51,351280,346035,1.51
10,2344,華邦電,2596235,2578632,2361008,0.68,9.96,2596235,2361008,9.96
11,2351,順德,650130,677567,596513,-4.04,8.98,650130,596513,8.98
12,2363,矽統科技,164288,136155,194375,20.66,-15.47,164288,194375,-15.47
13,2369,菱生,561731,472330,485695,18.92,15.65,561731,485695,15.65
14,2379,瑞昱,1886159,1676705,2386032,12.49,-20.94,1886159,2386032,-20.94
15,2388,威盛電子,434829,384576,367622,13.06,18.28,434829,367622,18.28
16,2401,凌陽科技,421188,441141,611199,-4.52,-31.08,421188,611199,-31.08
17,2408,南科,3442728,4048028,4722438,-14.95,-27.09,3442728,4722438,-27.09
18,2425,承啟,178709,102405,230488,74.51,-22.46,178709,230488,-22.46
19,2434,統懋,55630,80132,51330,-30.57,8.37,55630,51330,8.37
20,2436,偉詮電,162104,156373,214096,3.66,-24.28,162104,214096,-24.28
21,2441,超豐電子,818940,679101,912411,20.59,-10.24,818940,912411,-10.24
22,2449,京元電,1030137,1051680,1110352,-2.04,-7.22,1030137,1110352,-7.22
23,2451,創見資訊,2774162,3028651,2930284,-8.4,-5.32,2774162,2930284,-5.32
24,2454,聯發科,4779612,5296578,9042190,-9.76,-47.14,4779612,9042190,-47.14
25,2458,義隆,421502,378967,394344,11.22,6.88,421502,394344,6.88
26,2481,強茂,371201,410283,411376,-9.52,-9.76,371201,411376,-9.76
27,3006,晶豪科技,609431,442364,590733,37.76,3.16,609431,590733,3.16
28,3014,聯陽,370225,317392,434058,16.64,-14.7,370225,434058,-14.7
29,3016,嘉晶,81931,69595,64952,17.72,26.14,81931,64952,26.14
30,3034,聯詠,3026249,3018101,2905976,0.26,4.13,3026249,2905976,4.13
31,3035,智原,447227,445767,470118,0.32,-4.86,447227,470118,-4.86
32,3041,揚智,277475,284756,446103,-2.55,-37.8,277475,446103,-37.8
33,3054,萬國科技,95499,108630,53036,-12.08,80.06,95499,53036,80.06
34,3094,聯傑國際,30677,34911,48146,-12.12,-36.28,30677,48146,-36.28
35,3189,景碩科技,1383720,1328143,968011,4.18,42.94,1383720,968011,42.94
36,3257,虹冠電,45156,44094,42413,2.4,6.46,45156,42413,6.46
37,3443,創意電子,764968,851006,719602,-10.11,6.3,764968,719602,6.3
38,3474,華亞科,3221886,3115568,4018940,3.41,-19.83,3221886,4018940,-19.83
39,3519,綠能,2067631,2051933,1059564,0.76,95.13,2067631,1059564,95.13
40,3532,台勝科,747806,754052,689592,-0.82,8.44,747806,689592,8.44
41,3545,旭曜,416139,374711,433505,11.05,-4.0,416139,433505,-4.0
42,3559,全智科,94917,98779,81334,-3.9,16.7,94917,81334,16.7
43,3579,尚志,51076,51191,41851,-0.22,22.04,51076,41851,22.04
44,3583,辛耘,89419,408226,42629,-78.09,109.76,89419,42629,109.76
45,3588,通嘉,84273,75332,95264,11.86,-11.53,84273,95264,-11.53
46,3598,奕力,580565,560687,365108,3.54,59.01,580565,365108,59.01
47,3686,達能,468750,461892,171949,1.48,172.6,468750,171949,172.6
48,4919,新唐科技,545794,527303,602730,3.5,-9.44,545794,602730,-9.44
49,4952,凌通科技,205435,229457,193046,-10.46,6.41,205435,193046,6.41
50,5305,敦南科技,614465,618097,761329,-0.58,-19.29,614465,761329,-19.29
51,5471,松翰科技,255619,279229,343745,-8.45,-25.63,255619,343745,-25.63
52,6145,勁永國際,727161,662052,2571246,9.83,-71.71,727161,2571246,-71.71
53,6202,盛群,272359,220626,316129,23.44,-13.84,272359,316129,-13.84
54,6239,力成,3159009,3274276,2843267,-3.52,11.1,3159009,2843267,11.1
55,6243,迅杰,93315,106101,138322,-12.05,-32.53,93315,138322,-32.53
56,6257,矽格,368179,362290,345021,1.62,6.71,368179,345021,6.71
57,6271,同欣電子,552343,577260,324498,-4.31,70.21,552343,324498,70.21
58,6286,立錡,941080,807859,922780,16.49,1.98,941080,922780,1.98
59,8016,矽創電子,324199,356275,450672,-9.0,-28.06,324199,450672,-28.06
60,8081,致新,469613,368025,428296,27.6,9.64,469613,428296,9.64
61,8110,華東,660891,765968,550095,-13.71,20.14,660891,550095,20.14
62,8131,福懋科技,1013882,1190521,956190,-14.83,6.03,1013882,956190,6.03
63,8261,富鼎,277743,310518,314458,-10.55,-11.67,277743,314458,-11.67
64,8271,宇瞻科技,847627,706296,1338622,20.01,-36.67,847627,1338622,-36.67
65,2301,光寶科技,8024366,8255719,8331063,-2.8,-3.68,8024366,8331063,-3.68
66,2305,全友電腦,14290,12405,31194,15.19,-54.18,14290,31194,-54.18
67,2315,神達電腦,3036537,3622687,4354284,-16.17,-30.26,3036537,4354284,-30.26
68,2324,仁寶電腦,52972697,60286104,72954853,-12.13,-27.38,52972697,72954853,-27.38
69,2331,精英,4757168,5612940,3599125,-15.24,32.17,4757168,3599125,32.17
70,2352,佳世達,6069999,5963818,4707969,1.78,28.93,6069999,4707969,28.93
71,2353,宏��,33362239,34784676,51100247,-4.08,-34.71,33362239,51100247,-34.71
72,2356,英業達,27625908,29048252,28226511,-4.89,-2.12,27625908,28226511,-2.12
73,2357,華碩,19858286,22002631,22692501,-9.74,-12.48,19858286,22692501,-12.48
74,2358,美格,107126,52264,109194,104.97,-1.89,107126,109194,-1.89
75,2361,鴻友科技,68855,95909,50610,-28.2,36.05,68855,50610,36.05
76,2362,藍天,921255,1430142,894916,-35.58,2.94,921255,894916,2.94
77,2364,倫飛電腦,136803,198788,113902,-31.18,20.1,136803,113902,20.1
78,2365,昆盈企業,666953,722103,691109,-7.63,-3.49,666953,691109,-3.49
79,2376,技嘉,5006998,3769757,5500281,32.82,-8.96,5006998,5500281,-8.96
80,2377,微星科技,6907521,6663077,7338903,3.66,-5.87,6907521,7338903,-5.87
81,2380,虹光精密,231743,284124,213132,-18.43,8.73,231743,213132,8.73
82,2382,廣達,74500544,93420095,76398462,-20.25,-2.48,74500544,76398462,-2.48
83,2385,群光電子,1417666,1620380,1416597,-12.51,0.07,1417666,1416597,0.07
84,2387,精元電腦,197010,186018,151579,5.9,29.97,197010,151579,29.97
85,2395,研華,1497829,1423034,1066166,5.25,40.48,1497829,1066166,40.48
86,2397,友通資訊,138045,130567,144765,5.72,-4.64,138045,144765,-4.64
87,2399,映泰,664347,523052,572503,27.01,16.04,664347,572503,16.04
88,2405,浩鑫,184916,228787,190195,-19.17,-2.77,184916,190195,-2.77
89,2417,圓剛,161241,150990,312620,6.78,-48.42,161241,312620,-48.42
90,2424,隴華電子,17776,15074,4466,17.92,298.02,17776,4466,298.02
91,2438,英誌企業,7044,6401,5870,10.04,20.0,7044,5870,20.0
92,2442,新美齊,16350,343047,668273,-95.23,-97.55,16350,668273,-97.55
93,2465,麗臺科技,212937,175831,213416,21.1,-0.22,212937,213416,-0.22
94,2474,可成科技,679327,727580,67778,-6.63,902.28,679327,67778,902.28
95,3002,歐格電子,45227,44574,56930,1.46,-20.55,45227,56930,-20.55
96,3005,神基科技,436690,568189,396073,-23.14,10.25,436690,396073,10.25
97,3013,晟銘電子,294544,295556,365559,-0.34,-19.42,294544,365559,-19.42
98,3017,奇鋐科技,847272,727204,904941,16.51,-6.37,847272,904941,-6.37
99,3022,威達電,601047,363544,306745,65.32,95.94,601047,306745,95.94
100,3046,建��,128808,204505,107698,-37.01,19.6,128808,107698,19.6
101,3057,喬鼎資訊,89124,102582,79615,-13.11,11.94,89124,79615,11.94
102,3060,銘異,474466,509839,609201,-6.93,-22.11,474466,609201,-22.11
103,3231,緯創,40115952,48872017,45468637,-17.91,-11.77,40115952,45468637,-11.77
104,3494,誠研科技,104777,123968,110019,-15.48,-4.76,104777,110019,-4.76
105,3515,華擎,994062,703129,916194,41.37,8.49,994062,916194,8.49
106,3701,大眾投控,3631,3881,4090,-6.44,-11.22,3631,4090,-11.22
107,4915,致伸,2596723,3620953,2501980,-28.28,3.78,2596723,2501980,3.78
108,4938,和碩,22236577,19366317,26412583,14.82,-15.81,22236577,26412583,-15.81
109,6117,迎廣科技,249552,251329,217912,-0.7,14.51,249552,217912,14.51
110,6128,上福全球,123669,130911,121872,-5.53,1.47,123669,121872,1.47
111,6166,凌華科技,315608,262797,205381,20.09,53.66,315608,205381,53.66
112,6172,互億科技,27371,14932,83318,83.3,-67.14,27371,83318,-67.14
113,6206,飛捷,220191,183706,181491,19.86,21.32,220191,181491,21.32
114,6230,超眾,228064,263891,232716,-13.57,-1.99,228064,232716,-1.99
115,6235,華孚科技,11482,7696,29316,49.19,-60.83,11482,29316,-60.83
116,6277,宏正科,184676,238236,212206,-22.48,-12.97,184676,212206,-12.97
117,8008,建興電,3592627,3698602,3659994,-2.86,-1.84,3592627,3659994,-1.84
118,8114,振樺電子,116446,148149,110242,-21.39,5.62,116446,110242,5.62
119,8210,勤誠興業,168484,204455,184321,-17.59,-8.59,168484,184321,-8.59
120,9912,偉聯,42964,37675,38318,14.03,12.12,42964,38318,12.12
121,2323,中環,1160595,1206617,1514300,-3.81,-23.35,1160595,1514300,-23.35
122,2340,光磊,679373,694230,601575,-2.14,12.93,679373,601575,12.93
123,2349,錸德科技,1104269,1423883,1236594,-22.44,-10.7,1104269,1236594,-10.7
124,2374,佳能,2728828,3084521,2646751,-11.53,3.1,2728828,2646751,3.1
125,2384,勝華科技,6932172,7643907,2186668,-9.31,217.01,6932172,2186668,217.01
126,2393,億光電子,1175635,1298436,1160491,-9.45,1.3,1175635,1160491,1.3
127,2406,國碩科技,116893,112567,112330,3.84,4.06,116893,112330,4.06
128,2409,友達,28341220,28155506,36259625,0.65,-21.83,28341220,36259625,-21.83
129,2426,鼎元,261459,258645,271455,1.08,-3.68,261459,271455,-3.68
130,2443,新利虹,96085,96398,149247,-0.32,-35.62,96085,149247,-35.62
131,2448,晶電,1388350,1439375,1300578,-3.54,6.74,1388350,1300578,6.74
132,2466,冠西電,103198,107257,106730,-3.78,-3.3,103198,106730,-3.3
133,2475,華映,4913305,4533602,6303148,8.37,-22.04,4913305,6303148,-22.04
134,2486,一詮精密,306503,268446,321865,14.17,-4.77,306503,321865,-4.77
135,2489,瑞軒,3500441,8559318,4254684,-59.1,-17.72,3500441,4254684,-17.72
136,2491,吉祥全,27841,26295,23268,5.87,19.65,27841,23268,19.65
137,2499,東貝光電,532239,511463,347682,4.06,53.08,532239,347682,53.08
138,3008,大立光,1006078,988732,636613,1.75,58.03,1006078,636613,58.03
139,3019,亞洲光學,290615,307499,181543,-5.49,60.08,290615,181543,60.08
140,3024,憶聲電子,16824,37919,44374,-55.63,-62.08,16824,44374,-62.08
141,3031,佰鴻工業,359430,414492,346869,-13.28,3.62,359430,346869,3.62
142,3038,全台,422369,321358,291763,31.43,44.76,422369,291763,44.76
143,3049,和鑫,417139,564505,451020,-26.1,-7.51,417139,451020,-7.51
144,3050,鈺德科技,107825,93336,99529,15.52,8.33,107825,99529,8.33
145,3051,力特光電,441566,348691,458452,26.63,-3.68,441566,458452,-3.68
146,3059,華晶科技,1085766,1682410,1067108,-35.46,1.74,1085766,1067108,1.74
147,3061,璨圓光電,354754,295820,203977,19.92,73.91,354754,203977,73.91
148,3149,正達國際,404131,348499,117651,15.96,243.49,404131,117651,243.49
149,3356,奇偶科技,98847,99713,76618,-0.86,29.01,98847,76618,29.01
150,3383,新世紀,343662,342501,145874,0.33,135.58,343662,145874,135.58
151,3406,玉晶光,527999,762864,106359,-30.78,396.43,527999,106359,396.43
152,3454,晶睿,153191,156868,103006,-2.34,48.72,153191,103006,48.72
153,3481,群創光電,39988546,44142542,16109639,-9.41,148.22,39988546,16109639,148.22
154,3504,揚明光學,405057,348306,246761,16.29,64.14,405057,246761,64.14
155,3514,昱晶能源,2075275,2364434,1875565,-12.22,10.64,2075275,1875565,10.64
156,3535,晶彩科,19725,47855,60822,-58.78,-67.56,19725,60822,-67.56
157,3536,誠創科技,50376,52903,89070,-4.77,-43.44,50376,89070,-43.44
158,3557,嘉威光電,154594,109405,192549,41.3,-19.71,154594,192549,-19.71
159,3561,昇陽科,1621310,1424771,533187,13.79,204.07,1621310,533187,204.07
160,3573,穎台,428017,375799,346989,13.89,23.35,428017,346989,23.35
161,3576,新日光,2439522,2307164,975562,5.73,150.06,2439522,975562,150.06
162,3584,介面光電,326353,486391,409055,-32.9,-20.21,326353,409055,-20.21
163,3591,艾笛森,221653,191169,205803,15.94,7.7,221653,205803,7.7
164,3593,力銘,379554,330025,385632,15.0,-1.57,379554,385632,-1.57
165,3599,旺能,1082851,1069435,487788,1.25,121.99,1082851,487788,121.99
166,3622,洋華,1258607,1230881,1112971,2.25,13.08,1258607,1112971,13.08
167,3669,圓展,150747,142792,241423,5.57,-37.55,150747,241423,-37.55
168,3698,隆達,480978,659816,396300,-27.1,21.36,480978,396300,21.36
169,4934,太極能源,470259,557840,166499,-15.7,182.43,470259,166499,182.43
170,4942,嘉彰,86397,66344,105362,30.22,-17.99,86397,105362,-17.99
171,4956,光鋐,84032,90779,54122,-7.43,55.26,84032,54122,55.26
172,4960,奇美材料,1524757,1452587,1045714,4.96,45.81,1524757,1045714,45.81
173,4976,佳凌,93161,99950,42955,-6.79,116.88,93161,42955,116.88
174,5234,達興,243889,232536,221412,4.88,10.15,243889,221412,10.15
175,5484,慧友電子,121853,137821,180819,-11.58,-32.61,121853,180819,-32.61
176,6116,彩晶,3845326,3399551,4995420,13.11,-23.02,3845326,4995420,-23.02
177,6120,輔祥,1603486,1276709,1114773,25.59,43.83,1603486,1114773,43.83
178,6131,悠克電子,74743,134225,127443,-44.31,-41.35,74743,127443,-41.35
179,6164,華興電子,100240,95311,99208,5.17,1.04,100240,99208,1.04
180,6168,宏齊科技,398998,260392,298400,53.22,33.71,398998,298400,33.71
181,6176,瑞儀光電,308677,303129,221024,1.83,39.65,308677,221024,39.65
182,6209,今國光學,289351,301527,176439,-4.03,63.99,289351,176439,63.99
183,6225,天瀚,75679,-9095,74117,932.09,2.1,75679,74117,2.1
184,6226,光鼎電子,56217,72589,63630,-22.55,-11.65,56217,63630,-11.65
185,6278,台表科,279253,363254,411172,-23.12,-32.08,279253,411172,-32.08
186,6289,華上光電,88038,90417,102108,-2.63,-13.77,88038,102108,-13.77
187,8072,陞泰,268522,270746,243100,-0.82,10.45,268522,243100,10.45
188,8105,凌巨,1142328,1029451,983979,10.96,16.09,1142328,983979,16.09
189,8215,明基材料,1714482,1533496,1500791,11.8,14.23,1714482,1500791,14.23
190,2314,台揚科技,626010,630828,552540,-0.76,13.29,626010,552540,13.29
191,2321,東訊,576240,713137,594779,-19.19,-3.11,576240,594779,-3.11
192,2332,友訊科技,237796,214402,247206,10.91,-3.8,237796,247206,-3.8
193,2345,智邦科技,1232360,2015082,1153794,-38.84,6.8,1232360,1153794,6.8
194,2402,毅嘉科技,234656,215312,165312,8.98,41.94,234656,165312,41.94
195,2412,中華電,16205597,16090038,15599186,0.71,3.88,16205597,15599186,3.88
196,2419,仲琦,465789,757391,346961,-38.5,34.24,465789,346961,34.24
197,2439,美律,446822,542831,410728,-17.68,8.78,446822,410728,8.78
198,2444,友旺科技,193848,204105,184439,-5.02,5.1,193848,184439,5.1
199,2450,神腦,2129132,1950380,1506652,9.16,41.31,2129132,1506652,41.31
200,2455,全新,185756,159775,115988,16.26,60.15,185756,115988,60.15
201,2485,兆赫電子,860160,898477,825661,-4.26,4.17,860160,825661,4.17
202,2496,卓越成功,4130,-3301,9703,225.11,-57.43,4130,9703,-57.43
203,2498,宏達電,34654934,33537318,11120974,3.33,211.61,34654934,11120974,211.61
204,3025,星通,50154,57369,53534,-12.57,-6.31,50154,53534,-6.31
205,3027,盛達電業,77738,127683,126877,-39.11,-38.72,77738,126877,-38.72
206,3045,台灣大,5102956,5113503,4754668,-0.2,7.32,5102956,4754668,7.32
207,3047,訊舟科技,313569,228964,310595,36.95,0.95,313569,310595,0.95
208,3062,建漢科技,974969,1094693,1025085,-10.93,-4.88,974969,1025085,-4.88
209,3311,閎暉,447689,478913,365458,-6.51,22.5,447689,365458,22.5
210,3380,明泰科技,2129592,2242747,1584842,-5.04,34.37,2129592,1584842,34.37
211,3419,譁裕實業,110461,125426,127220,-11.93,-13.17,110461,127220,-13.17
212,3596,智易科技,1383353,1301487,1275014,6.29,8.49,1383353,1275014,8.49
213,3694,海華科技,409455,416068,476927,-1.58,-14.14,409455,476927,-14.14
214,3704,合勤控,247344,283537,0,-12.76,,247344,0,
215,4904,遠傳,5068673,5037421,4734718,0.62,7.05,5068673,4734718,7.05
216,4906,正文,1892137,2136357,1323858,-11.43,42.92,1892137,1323858,42.92
217,5388,中磊電子,959836,1068853,553379,-10.19,73.45,959836,553379,73.45
218,6136,富爾特,107078,76377,86204,40.19,24.21,107078,86204,24.21
219,6142,友勁科技,1023992,1154719,1076431,-11.32,-4.87,1023992,1076431,-4.87
220,6152,百一電子,756685,856503,372936,-11.65,102.89,756685,372936,102.89
221,6216,居易,64724,62888,67750,2.91,-4.46,64724,67750,-4.46
222,6283,淳安電子,35043,58054,60641,-39.63,-42.21,35043,60641,-42.21
223,6285,啟�眲鴔�,2679349,3175556,1371613,-15.62,95.34,2679349,1371613,95.34
224,8011,台通,98740,90245,135926,9.41,-27.35,98740,135926,-27.35
225,8078,華寶通訊,838099,1201752,2149755,-30.26,-61.01,838099,2149755,-61.01
226,8101,華冠通訊,1671170,2200911,796228,-24.06,109.88,1671170,796228,109.88
227,1471,首利,518317,589549,627166,-12.08,-17.35,518317,627166,-17.35
228,1582,信錦,131697,84305,82131,56.21,60.34,131697,82131,60.34
229,2059,川湖,137959,156855,188621,-12.04,-26.85,137959,188621,-26.85
230,2308,台達電,2704571,2847834,2400927,-5.03,12.64,2704571,2400927,12.64
231,2313,華通,1453539,1603012,1214744,-9.32,19.65,1453539,1214744,19.65
232,2316,楠梓電,345342,326280,343690,5.84,0.48,345342,343690,0.48
233,2327,國巨,1002671,946074,952462,5.98,5.27,1002671,952462,5.27
234,2328,廣宇,427054,397101,479567,7.54,-10.95,427054,479567,-10.95
235,2355,敬鵬,1136470,979655,953050,16.0,19.24,1136470,953050,19.24
236,2367,燿華,909942,863458,550411,5.38,65.32,909942,550411,65.32
237,2368,金像電,995812,1039754,1007853,-4.22,-1.19,995812,1007853,-1.19
238,2375,智寶,32502,34852,5042,-6.74,544.62,32502,5042,544.62
239,2383,台光電子,444173,344224,347804,29.03,27.7,444173,347804,27.7
240,2392,正崴,4262536,5085739,2267001,-16.18,88.02,4262536,2267001,88.02
241,2413,環科,286927,355854,292839,-19.36,-2.01,286927,292839,-2.01
242,2415,錩新,64299,85363,59067,-24.67,8.85,64299,59067,8.85
243,2420,新巨,311606,268374,292336,16.1,6.59,311606,292336,6.59
244,2421,建準電機,437072,490706,513007,-10.92,-14.8,437072,513007,-14.8
245,2428,興勤電子,218142,220168,201317,-0.92,8.35,218142,201317,8.35
246,2429,銘旺科,44102,48427,70096,-8.93,-37.08,44102,70096,-37.08
247,2431,聯昌電子,151996,156784,336299,-3.05,-54.8,151996,336299,-54.8
248,2437,旺詮,90963,84846,76289,7.2,19.23,90963,76289,19.23
249,2440,太空梭,172157,191800,184867,-10.24,-6.87,172157,184867,-6.87
250,2456,奇力新,167085,148264,152346,12.69,9.67,167085,152346,9.67
251,2457,飛宏科技,1163752,1421437,975375,-18.12,19.31,1163752,975375,19.31
252,2460,建通精密,194055,159459,238329,21.69,-18.57,194055,238329,-18.57
253,2462,良得電,298100,269630,287788,10.55,3.58,298100,287788,3.58
254,2467,志聖工業,196688,237614,121467,-17.22,61.92,196688,121467,61.92
255,2472,立隆電子,307838,321499,322312,-4.24,-4.49,307838,322312,-4.49
256,2476,鉅祥,100524,113191,138228,-11.19,-27.27,100524,138228,-27.27
257,2478,大毅,209990,206049,173691,1.91,20.89,209990,173691,20.89
258,2483,百容,109210,103468,108375,5.54,0.77,109210,108375,0.77
259,2484,希華,188611,173128,155528,8.94,21.27,188611,155528,21.27
260,2492,華新科,661546,550881,656652,20.08,0.74,661546,656652,0.74
261,2493,揚博科技,192142,214338,103691,-10.35,85.3,192142,103691,85.3
262,3003,健和興,180598,221901,139805,-18.61,29.17,180598,139805,29.17
263,3011,今皓,74513,75276,65100,-1.01,14.45,74513,65100,14.45
264,3015,全漢,1210799,1191284,1357858,1.63,-10.83,1210799,1357858,-10.83
265,3023,信邦電子,202645,173399,160901,16.86,25.94,202645,160901,25.94
266,3026,禾伸堂,1287182,1218829,1031599,5.6,24.77,1287182,1031599,24.77
267,3032,偉訓科技,140166,177278,145692,-20.93,-3.79,140166,145692,-3.79
268,3037,欣興電子,4120532,4218427,3560272,-2.32,15.73,4120532,3560272,15.73
269,3042,晶技,748269,744588,616840,0.49,21.3,748269,616840,21.3
270,3044,健鼎科技,401825,454649,358747,-11.61,12.0,401825,358747,12.0
271,3058,立德電子,396175,451156,345344,-12.18,14.71,396175,345344,14.71
272,3090,日電貿,180288,158620,197586,13.66,-8.75,180288,197586,-8.75
273,3229,晟鈦,74926,71700,67587,4.49,10.85,74926,67587,10.85
274,3296,勝德國際,233400,231301,305973,0.9,-23.71,233400,305973,-23.71
275,3308,聯德電子,309145,311503,327991,-0.75,-5.74,309145,327991,-5.74
276,3376,新日興,252440,266441,270108,-5.25,-6.54,252440,270108,-6.54
277,3432,台端,68340,83218,173156,-17.87,-60.53,68340,173156,-60.53
278,3501,維熹科技,371986,340158,354506,9.35,4.93,371986,354506,4.93
279,3533,嘉澤端子,556656,577168,545884,-3.55,1.97,556656,545884,1.97
280,3550,聯穎,198207,197647,170534,0.28,16.22,198207,170534,16.22
281,3605,宏致,222876,203628,246486,9.45,-9.57,222876,246486,-9.57
282,3607,谷崧,437748,446247,414641,-1.9,5.57,437748,414641,5.57
283,3645,達邁,86173,63482,60179,35.74,43.19,86173,60179,43.19
284,3653,健策,310264,244310,215245,26.99,44.14,310264,215245,44.14
285,3679,新至陞,226638,374499,229217,-39.48,-1.12,226638,229217,-1.12
286,5469,瀚宇博德,176077,189927,181068,-7.29,-2.75,176077,181068,-2.75
287,6108,競國實業,212947,183673,201414,15.93,5.72,212947,201414,5.72
288,6115,鎰勝,455272,470900,510225,-3.31,-10.77,455272,510225,-10.77
289,6133,金橋科技,76684,90791,73991,-15.53,3.63,76684,73991,3.63
290,6141,柏承科技,80378,86114,92754,-6.66,-13.34,80378,92754,-13.34
291,6153,嘉聯益,561536,639152,524758,-12.14,7.0,561536,524758,7.0
292,6155,鈞寶,45367,44707,55431,1.47,-18.15,45367,55431,-18.15
293,6165,捷泰精密,48685,38789,60823,25.51,-19.95,48685,60823,-19.95
294,6191,精成科技,2486510,2524114,2290394,-1.48,8.56,2486510,2290394,8.56
295,6205,詮欣,144591,109675,126526,31.83,14.27,144591,126526,14.27
296,6213,聯茂,461565,374739,350471,23.16,31.69,461565,350471,31.69
297,6224,聚鼎,101657,95133,77908,6.85,30.48,101657,77908,30.48
298,6251,定穎電子,808674,839090,965597,-3.62,-16.25,808674,965597,-16.25
299,6269,台郡科技,439188,463369,238840,-5.21,83.88,439188,238840,83.88
300,6282,康舒,1469402,1599490,1410013,-8.13,4.21,1469402,1410013,4.21
301,8039,台虹科技,393484,334038,418930,17.79,-6.07,393484,418930,-6.07
302,8046,南電,2855158,3069835,2670888,-6.99,6.89,2855158,2670888,6.89
303,8103,瀚荃,121466,106512,103784,14.03,17.03,121466,103784,17.03
304,8163,達方電子,1008626,933017,1103865,8.1,-8.62,1008626,1103865,-8.62
305,8213,志超,1253510,1171553,1178673,6.99,6.34,1253510,1178673,6.34
306,8249,菱光科技,383005,544671,487943,-29.68,-21.5,383005,487943,-21.5
307,2347,聯強國際,5733223,5203319,4147176,10.18,38.24,5733223,4147176,38.24
308,2348,海悅,26586,32576,34945,-18.38,-23.92,26586,34945,-23.92
309,2359,所羅門,311962,343741,376133,-9.24,-17.06,311962,376133,-17.06
310,2414,精技電腦,1084271,1441924,1219117,-24.8,-11.06,1084271,1219117,-11.06
311,2430,燦坤實業,3123561,2381369,2679004,31.16,16.59,3123561,2679004,16.59
312,2459,敦吉,435354,443405,559465,-1.81,-22.18,435354,559465,-22.18
313,3010,華立,2085181,1979371,1385462,5.34,50.5,2085181,1385462,50.5
314,3028,增你強,2814787,2467100,2126299,14.09,32.37,2814787,2126299,32.37
315,3033,威健,1609583,1568469,1354211,2.62,18.85,1609583,1354211,18.85
316,3036,文曄科技,5342955,4481890,3914956,19.21,36.47,5342955,3914956,36.47
317,3040,遠見,12073,15591,20666,-22.56,-41.58,12073,20666,-41.58
318,3048,益登,2474803,2641559,3326142,-6.31,-25.59,2474803,3326142,-25.59
319,3055,蔚華科技,197640,172556,457854,14.53,-56.83,197640,457854,-56.83
320,3209,全科,922808,672439,650256,37.23,41.91,922808,650256,41.91
321,3312,弘憶國際,962241,1113781,1052945,-13.6,-8.61,962241,1052945,-8.61
322,3315,宣昶,530860,476877,806242,11.32,-34.15,530860,806242,-34.15
323,3702,大聯大,424630,488106,508328,-13.0,-16.46,424630,508328,-16.46
324,5434,崇越科技,1168589,1112916,802985,5.0,45.53,1168589,802985,45.53
325,6189,豐藝電子,1506853,1594598,1526913,-5.5,-1.31,1506853,1526913,-1.31
326,6281,全國電,1382175,902600,1045437,53.13,32.21,1382175,1045437,32.21
327,8070,長華電材,969558,854144,1056947,13.51,-8.26,969558,1056947,-8.26
328,8112,至上電子,2944103,2904979,3465757,1.34,-15.05,2944103,3465757,-15.05
329,2427,三商電腦,148089,281792,127302,-47.44,16.32,148089,127302,16.32
330,2453,凌群,156836,541204,155034,-71.02,1.16,156836,155034,1.16
331,2468,華經,93180,162282,117484,-42.58,-20.68,93180,117484,-20.68
332,2471,資通,64061,85714,42061,-25.26,52.3,64061,42061,52.3
333,2480,敦陽科技,320999,367861,326054,-12.73,-1.55,320999,326054,-1.55
334,3021,衛展資訊,39259,57046,49281,-31.18,-20.33,39259,49281,-20.33
335,3029,零壹科技,384956,377065,255155,2.09,50.87,384956,255155,50.87
336,3130,一零四,82901,82609,65236,0.35,27.07,82901,65236,27.07
337,5203,訊連,124106,350512,149580,-64.59,-17.03,124106,149580,-17.03
338,6112,聚碩,411808,433648,301741,-5.03,36.47,411808,301741,36.47
339,6183,關貿,62947,175633,60901,-64.15,3.35,62947,60901,3.35
340,6214,精誠資訊,768813,1134518,665200,-32.23,15.57,768813,665200,15.57
341,2312,金寶電子,1765522,2400026,1553086,-26.43,13.67,1765522,1553086,13.67
342,2317,鴻海,186234120,244683538,136337191,-23.88,36.59,186234120,136337191,36.59
343,2354,鴻準,6502339,6211582,8317839,4.68,-21.82,6502339,8317839,-21.82
344,2360,致茂電子,446807,368142,434177,21.36,2.9,446807,434177,2.9
345,2371,大同,3180020,3152104,3064516,0.88,3.76,3180020,3064516,3.76
346,2373,震旦行,231777,265872,211997,-12.82,9.33,231777,211997,9.33
347,2390,云辰,36647,40728,58433,-10.02,-37.28,36647,58433,-37.28
348,2404,漢唐,440271,543711,408368,-19.02,7.81,440271,408368,7.81
349,2423,固緯,125854,163216,109059,-22.89,15.39,125854,109059,15.39
350,2433,互盛電,111109,120637,107363,-7.89,3.48,111109,107363,3.48
351,2461,光群雷射,37998,56401,38184,-32.62,-0.48,37998,38184,-0.48
352,2464,盟立,537673,682748,382963,-21.24,40.39,537673,382963,40.39
353,2477,美隆電,419811,377475,223512,11.21,87.82,419811,223512,87.82
354,2482,連宇,70642,88904,56280,-20.54,25.51,70642,56280,25.51
355,2488,漢平,90740,114851,93219,-20.99,-2.65,90740,93219,-2.65
356,2495,普安,209883,208785,208270,0.52,0.77,209883,208270,0.77
357,2497,怡利電子,74022,100620,46089,-26.43,60.6,74022,46089,60.6
358,3018,同開科技,30345,129348,7564,-76.54,301.17,30345,7564,301.17
359,3030,德律科技,286868,136596,210896,110.01,36.02,286868,210896,36.02
360,3043,科風,538049,535499,226616,0.47,137.42,538049,226616,137.42
361,3052,夆典,141020,134303,240956,5.0,-41.47,141020,240956,-41.47
362,3305,昇貿科技,365616,303530,265080,20.45,37.92,365616,265080,37.92
363,3450,聯鈞,205338,216115,158984,-4.98,29.15,205338,158984,29.15
364,3518,柏騰科技,11603,19334,17158,-39.98,-32.37,11603,17158,-32.37
365,3617,碩天科技,197102,319072,140848,-38.22,39.93,197102,140848,39.93
366,6139,亞翔工程,249023,353110,201682,-29.47,23.47,249023,201682,23.47
367,6192,巨路國際,390050,332680,324196,17.24,20.31,390050,324196,20.31
368,6196,帆宣科技,510590,1686660,248361,-69.72,105.58,510590,248361,105.58
369,6197,佳必琪,212659,179121,359777,18.72,-40.89,212659,359777,-40.89
370,6201,亞弘電,324711,251970,338659,28.86,-4.11,324711,338659,-4.11
371,6215,和椿科技,103852,99831,92190,4.02,12.64,103852,92190,12.64
372,8021,尖點,105632,97644,73679,8.18,43.36,105632,73679,43.36
373,8201,無敵,188881,211878,269398,-10.85,-29.88,188881,269398,-29.88
