,日期,本益比,殖利率(%),股價淨值比,股利年度,財報年/季
0,104年01月05日,15.82,2.14,3.78,,
1,104年01月06日,15.14,2.24,3.62,,
2,104年01月07日,15.19,2.23,3.63,,
3,104年01月08日,15.65,2.17,3.74,,
4,104年01月09日,15.19,2.23,3.63,,
5,104年01月12日,14.97,2.27,3.58,,
6,104年01月13日,15.02,2.26,3.59,,
7,104年01月14日,14.74,2.30,3.52,,
8,104年01月15日,14.91,2.27,3.56,,
9,104年01月16日,15.53,2.18,3.71,,
10,104年01月19日,15.76,2.15,3.77,,
11,104年01月20日,15.65,2.17,3.74,,
12,104年01月21日,15.99,2.12,3.82,,
13,104年01月22日,15.87,2.14,3.80,,
14,104年01月23日,16.44,2.06,3.93,,
15,104年01月26日,16.44,2.06,3.93,,
16,104年01月27日,16.67,2.03,3.98,,
17,104年01月28日,16.61,2.04,3.97,,
18,104年01月29日,16.27,2.08,3.89,,
19,104年01月30日,15.99,2.12,3.82,,
20,104年02月02日,16.16,2.10,3.86,,
21,104年02月03日,16.38,2.07,3.92,,
22,104年02月04日,16.55,2.05,3.96,,
23,104年02月05日,16.50,2.05,3.94,,
24,104年02月06日,16.21,2.09,3.88,,
25,104年02月09日,16.10,2.11,3.85,,
26,104年02月10日,16.16,2.10,3.86,,
27,104年02月11日,16.78,2.02,4.01,,
28,104年02月12日,16.84,3.03,4.03,,
29,104年02月13日,16.84,3.03,4.03,,
30,104年02月24日,17.12,2.98,3.75,,
31,104年02月25日,15.18,2.91,3.83,,
32,104年02月26日,14.78,2.99,3.73,,
33,104年03月02日,14.64,3.02,3.70,,
34,104年03月03日,14.78,2.99,3.73,,
35,104年03月04日,14.78,2.99,3.73,,
36,104年03月05日,14.73,3.00,3.72,,
37,104年03月06日,14.64,3.02,3.70,,
38,104年03月09日,14.29,3.09,3.61,,
39,104年03月10日,14.15,3.13,3.57,,
40,104年03月11日,14.34,3.08,3.62,,
41,104年03月12日,14.54,3.04,3.67,,
42,104年03月13日,14.64,3.02,3.70,,
43,104年03月16日,14.34,3.08,3.62,,
44,104年03月17日,14.64,3.02,3.70,,
45,104年03月18日,15.08,2.93,3.81,,
46,104年03月19日,15.13,2.92,3.82,,
47,104年03月20日,15.13,2.92,3.82,,
48,104年03月23日,15.08,2.93,3.81,,
49,104年03月24日,14.88,2.97,3.76,,
50,104年03月25日,14.83,2.98,3.75,,
51,104年03月26日,14.29,3.09,3.61,,
52,104年03月27日,14.00,3.16,3.53,,
53,104年03月30日,14.00,3.16,3.53,,
54,104年03月31日,14.29,3.09,3.61,,
55,104年04月01日,14.15,3.13,3.57,,
56,104年04月02日,14.44,3.06,3.65,,
57,104年04月07日,14.34,3.08,3.62,,
58,104年04月08日,14.05,3.15,3.55,,
59,104年04月09日,14.05,3.15,3.55,,
60,104年04月10日,14.44,3.06,3.65,,
61,104年04月13日,14.44,3.06,3.65,,
62,104年04月14日,14.15,3.13,3.57,,
63,104年04月15日,14.05,3.15,3.55,,
64,104年04月16日,14.44,3.06,3.65,,
65,104年04月17日,14.00,3.16,3.53,,
66,104年04月20日,14.05,3.15,3.55,,
67,104年04月21日,14.00,3.16,3.53,,
68,104年04月22日,14.10,3.14,3.56,,
69,104年04月23日,14.44,3.06,3.65,,
70,104年04月24日,14.98,2.95,3.78,,
71,104年04月27日,14.88,2.97,3.76,,
72,104年04月28日,14.88,2.97,3.76,,
73,104年04月29日,14.59,3.03,3.68,,
74,104年04月30日,14.44,3.06,3.65,,
75,104年05月04日,14.49,3.05,3.66,,
76,104年05月05日,14.44,3.06,3.65,,
77,104年05月06日,14.49,3.05,3.66,,
78,104年05月07日,14.39,3.07,3.63,,
79,104年05月08日,14.39,3.07,3.63,,
80,104年05月11日,14.59,3.03,3.68,,
81,104年05月12日,14.49,3.05,3.40,,
82,104年05月13日,13.01,3.04,3.41,,
83,104年05月14日,12.83,3.08,3.37,,
84,104年05月15日,12.87,3.07,3.38,,
85,104年05月18日,12.87,3.07,3.38,,
86,104年05月19日,12.87,3.07,3.38,,
87,104年05月20日,12.87,3.07,3.38,,
88,104年05月21日,12.79,3.09,3.36,,
89,104年05月22日,12.79,3.09,3.36,,
90,104年05月25日,12.96,3.05,3.40,,
91,104年05月26日,12.87,3.07,3.38,,
92,104年05月27日,12.74,3.10,3.35,,
93,104年05月28日,12.92,3.06,3.39,,
94,104年05月29日,12.83,3.08,3.37,,
95,104年06月01日,12.74,3.10,3.35,,
96,104年06月02日,12.65,3.13,3.32,,
97,104年06月03日,12.57,3.15,3.30,,
98,104年06月04日,12.39,3.19,3.25,,
99,104年06月05日,12.30,3.21,3.23,,
100,104年06月08日,12.17,3.25,3.20,,
101,104年06月09日,12.21,3.24,3.21,,
102,104年06月10日,12.26,3.23,3.22,,
103,104年06月11日,12.61,3.14,3.31,,
104,104年06月12日,12.70,3.11,3.33,,
105,104年06月15日,12.57,3.15,3.30,,
106,104年06月16日,12.48,3.17,3.28,,
107,104年06月17日,12.52,3.16,3.29,,
108,104年06月18日,12.48,3.17,3.28,,
109,104年06月22日,12.48,3.17,3.28,,
110,104年06月23日,12.70,3.11,3.33,,
111,104年06月24日,12.74,3.10,3.35,,
112,104年06月25日,12.87,3.07,3.38,,
113,104年06月26日,12.83,3.08,3.37,,
114,104年06月29日,12.17,3.25,3.20,,
115,104年06月30日,12.35,3.20,3.24,,
116,104年07月01日,12.39,3.19,3.25,,
117,104年07月02日,12.43,3.18,3.26,,
118,104年07月03日,12.52,3.16,3.29,,
119,104年07月06日,12.35,3.20,3.24,,
120,104年07月07日,12.35,3.20,3.24,,
121,104年07月08日,12.13,3.26,3.18,,
122,104年07月09日,11.99,3.30,3.15,,
123,104年07月13日,12.17,3.25,3.20,,
124,104年07月14日,12.17,3.25,3.20,,
125,104年07月15日,12.17,3.25,3.20,,
126,104年07月16日,11.99,3.30,3.15,,
127,104年07月17日,12.30,3.21,3.23,,
128,104年07月20日,12.21,3.24,3.21,,
129,104年07月21日,12.35,3.20,3.24,,
130,104年07月22日,12.21,3.24,3.21,,
131,104年07月23日,11.95,3.31,3.14,,
132,104年07月24日,12.04,3.28,3.16,,
133,104年07月27日,11.78,3.36,3.09,,
134,104年07月28日,11.78,3.36,3.09,,
135,104年07月29日,11.91,3.32,3.13,,
136,104年07月30日,12.17,3.25,3.20,,
137,104年07月31日,12.26,3.23,3.22,,
138,104年08月03日,11.82,3.35,3.10,,
139,104年08月04日,11.99,3.30,3.15,,
140,104年08月05日,11.78,3.36,3.09,,
141,104年08月06日,11.78,3.36,3.09,,
142,104年08月07日,11.69,3.38,3.07,,
143,104年08月10日,11.34,3.49,2.98,,
144,104年08月11日,11.47,3.45,3.01,,
145,104年08月12日,11.29,3.50,3.12,,
146,104年08月13日,10.54,3.52,3.11,,
147,104年08月14日,10.38,3.57,3.06,,
148,104年08月17日,10.21,3.63,3.01,,
149,104年08月18日,10.38,3.57,3.06,,
150,104年08月19日,10.30,3.60,3.04,,
151,104年08月20日,10.38,3.57,3.06,,
152,104年08月21日,9.97,3.72,2.94,,
153,104年08月24日,9.47,3.91,2.80,,
154,104年08月25日,10.17,3.64,3.00,,
155,104年08月26日,10.09,3.67,2.98,,
156,104年08月27日,10.21,3.63,3.01,,
157,104年08月28日,10.30,3.60,3.04,,
158,104年08月31日,10.63,3.49,3.14,,
159,104年09月01日,10.21,3.63,3.01,,
160,104年09月02日,10.34,3.59,3.05,,
161,104年09月03日,10.46,3.54,3.09,,
162,104年09月04日,10.30,3.60,3.04,,
163,104年09月07日,10.09,3.67,2.98,,
164,104年09月08日,10.13,3.66,2.99,,
165,104年09月09日,10.63,3.49,3.14,,
166,104年09月10日,10.30,3.60,3.04,,
167,104年09月11日,10.50,3.53,3.10,,
168,104年09月14日,10.50,3.53,3.10,,
169,104年09月15日,10.38,3.57,3.06,,
170,104年09月16日,10.67,3.47,3.15,,
171,104年09月17日,10.79,3.44,3.19,,
172,104年09月18日,10.83,3.42,3.20,,
173,104年09月21日,10.67,3.47,3.15,,
174,104年09月22日,10.63,3.49,3.14,,
175,104年09月23日,10.26,3.61,3.03,,
176,104年09月24日,10.46,3.54,3.09,,
177,104年09月25日,10.46,3.54,3.09,,
178,104年09月30日,10.71,3.46,3.16,,
179,104年10月01日,11.00,3.37,3.25,,
180,104年10月02日,10.87,3.41,3.21,,
181,104年10月05日,10.91,3.40,3.22,,
182,104年10月06日,10.96,3.38,3.23,,
183,104年10月07日,11.12,3.33,3.28,,
184,104年10月08日,11.20,3.31,3.31,,
185,104年10月12日,11.41,3.25,3.37,,
186,104年10月13日,11.33,3.27,3.34,,
187,104年10月14日,11.24,3.30,3.32,,
188,104年10月15日,11.53,3.21,3.40,,
189,104年10月16日,11.33,3.27,3.34,,
190,104年10月19日,11.37,3.26,3.36,,
191,104年10月20日,11.45,3.24,3.38,,
192,104年10月21日,11.41,3.25,3.37,,
193,104年10月22日,11.33,3.27,3.34,,
194,104年10月23日,11.53,3.21,3.40,,
195,104年10月26日,11.53,3.21,3.40,,
196,104年10月27日,11.45,3.24,3.38,,
197,104年10月28日,11.37,3.26,3.36,,
198,104年10月29日,11.24,3.30,3.32,,
199,104年10月30日,11.24,3.30,3.32,,
200,104年11月02日,11.33,3.27,3.34,,
201,104年11月03日,11.49,3.23,3.39,,
202,104年11月04日,11.90,3.11,3.51,,
203,104年11月05日,11.74,3.16,3.46,,
204,104年11月06日,11.53,3.21,3.40,,
205,104年11月09日,11.70,3.17,3.45,,
206,104年11月10日,11.49,3.23,3.39,,
207,104年11月11日,11.36,3.27,3.10,,
208,104年11月12日,11.45,3.25,3.12,,
209,104年11月13日,11.24,3.31,3.06,,
210,104年11月16日,11.16,3.33,3.04,,
211,104年11月17日,11.45,3.25,3.12,,
212,104年11月18日,11.32,3.28,3.09,,
213,104年11月19日,11.61,3.20,3.17,,
214,104年11月20日,11.65,3.19,3.18,,
215,104年11月23日,11.65,3.19,3.18,,
216,104年11月24日,11.53,3.23,3.14,,
217,104年11月25日,11.65,3.19,3.18,,
218,104年11月26日,11.78,3.16,3.21,,
219,104年11月27日,11.49,3.24,3.13,,
220,104年11月30日,11.49,3.24,3.13,,
221,104年12月01日,11.78,3.16,3.21,,
222,104年12月02日,11.78,3.16,3.21,,
223,104年12月03日,11.78,3.16,3.21,,
224,104年12月04日,11.61,3.20,3.17,,
225,104年12月07日,11.86,3.14,3.23,,
226,104年12月08日,11.78,3.16,3.21,,
227,104年12月09日,11.61,3.20,3.17,,
228,104年12月10日,11.65,3.19,3.18,,
229,104年12月11日,11.53,3.23,3.14,,
230,104年12月14日,11.49,3.24,3.13,,
231,104年12月15日,11.40,3.26,3.11,,
232,104年12月16日,11.86,3.14,3.23,,
233,104年12月17日,11.98,3.10,3.27,,
234,104年12月18日,11.74,3.17,3.20,,
235,104年12月21日,11.69,3.18,3.19,,
236,104年12月22日,11.74,3.17,3.20,,
237,104年12月23日,11.69,3.18,3.19,,
238,104年12月24日,11.74,3.17,3.20,,
239,104年12月25日,11.82,3.15,3.22,,
240,104年12月28日,11.86,3.14,3.23,,
241,104年12月29日,11.74,3.17,3.20,,
242,104年12月30日,11.78,3.16,3.21,,
243,104年12月31日,11.82,3.15,3.22,,
244,105年01月04日,11.53,3.23,3.14,,
245,105年01月05日,11.40,3.26,3.11,,
246,105年01月06日,11.20,3.32,3.05,,
247,105年01月07日,10.99,3.38,3.00,,
248,105年01月08日,11.07,3.36,3.02,,
249,105年01月11日,10.99,3.38,3.00,,
250,105年01月12日,10.99,3.38,3.00,,
251,105年01月13日,11.03,3.37,3.01,,
252,105年01月14日,10.87,3.42,2.96,,
253,105年01月15日,11.32,3.28,3.09,,
254,105年01月18日,11.32,3.28,3.09,,
255,105年01月19日,11.40,3.26,3.11,,
256,105年01月20日,11.12,3.35,3.03,,
257,105年01月21日,11.16,3.33,3.04,,
258,105年01月22日,11.45,3.25,3.12,,
259,105年01月25日,11.53,3.23,3.14,,
260,105年01月26日,11.36,3.27,3.10,,
261,105年01月27日,11.53,3.23,3.14,,
262,105年01月28日,11.57,3.21,3.15,,
263,105年01月29日,11.82,3.15,3.22,,
264,105年01月30日,11.74,3.17,3.20,,
265,105年02月01日,11.90,3.13,3.24,,
266,105年02月02日,11.78,3.16,3.21,,
267,105年02月03日,12.07,4.11,3.29,,
268,105年02月15日,12.27,4.14,3.08,,
269,105年02月16日,12.48,4.07,3.13,,
270,105年02月17日,12.52,4.05,3.14,,
271,105年02月18日,12.77,3.97,3.21,,
272,105年02月19日,12.77,3.97,3.21,,
273,105年02月22日,12.77,3.97,3.21,,
274,105年02月23日,12.65,4.01,3.17,,
275,105年02月24日,12.52,4.05,3.14,,
276,105年02月25日,12.73,3.99,3.19,,
277,105年02月26日,12.61,4.03,3.16,,
278,105年03月01日,12.86,3.95,3.23,,
279,105年03月02日,12.94,3.92,3.25,,
280,105年03月03日,13.03,3.90,3.27,,
281,105年03月04日,12.90,3.93,3.24,,
282,105年03月07日,12.86,3.95,3.23,,
283,105年03月08日,12.86,3.95,3.23,,
284,105年03月09日,12.94,3.92,3.25,,
285,105年03月10日,13.07,3.88,3.28,,
286,105年03月11日,13.11,3.87,3.29,,
287,105年03月14日,13.20,3.85,3.31,,
288,105年03月15日,13.07,3.88,3.28,,
289,105年03月16日,13.20,3.85,3.31,,
290,105年03月17日,13.41,3.79,3.36,,
291,105年03月18日,13.49,3.76,3.39,,
292,105年03月21日,13.54,3.75,3.40,,
293,105年03月22日,13.41,3.79,3.36,,
294,105年03月23日,13.49,3.76,3.39,,
295,105年03月24日,13.41,3.79,3.36,,
296,105年03月25日,13.37,3.80,3.35,,
297,105年03月28日,13.45,3.77,3.38,,
298,105年03月29日,13.45,3.77,3.38,,
299,105年03月30日,13.66,3.72,3.43,,
300,105年03月31日,13.71,3.70,3.44,,
301,105年04月01日,13.41,3.79,3.36,,
302,105年04月06日,12.99,3.91,3.26,,
303,105年04月07日,13.07,3.88,3.28,,
304,105年04月08日,13.32,3.81,3.34,,
305,105年04月11日,13.41,3.79,3.36,,
306,105年04月12日,13.41,3.79,3.36,,
307,105年04月13日,13.66,3.72,3.43,,
308,105年04月14日,13.66,3.72,3.43,,
309,105年04月15日,13.49,3.76,3.39,,
310,105年04月18日,13.37,3.80,3.35,,
311,105年04月19日,13.32,3.81,3.34,,
312,105年04月20日,13.03,3.90,3.27,,
313,105年04月21日,13.28,3.82,3.33,,
314,105年04月22日,13.24,3.83,3.32,,
315,105年04月25日,13.32,3.81,3.34,,
316,105年04月26日,13.37,3.80,3.35,,
317,105年04月27日,13.24,3.83,3.32,,
318,105年04月28日,12.94,3.92,3.25,,
319,105年04月29日,12.69,4.00,3.18,,
320,105年05月03日,12.48,4.07,3.13,,
321,105年05月04日,12.44,4.08,3.12,,
322,105年05月05日,12.48,4.07,3.13,,
323,105年05月06日,12.52,4.05,3.14,,
324,105年05月09日,12.48,4.07,3.13,,
325,105年05月10日,12.44,4.08,3.12,,
326,105年05月11日,13.04,4.08,2.98,,
327,105年05月12日,12.95,4.11,2.96,,
328,105年05月13日,12.78,4.17,2.92,,
329,105年05月16日,12.82,4.15,2.93,,
330,105年05月17日,13.04,4.08,2.98,,
331,105年05月18日,13.04,4.08,2.98,,
332,105年05月19日,13.04,4.08,2.98,,
333,105年05月20日,13.18,4.04,3.01,,
334,105年05月23日,13.66,3.90,3.12,,
335,105年05月24日,13.40,3.97,3.06,,
336,105年05月25日,13.71,3.88,3.13,,
337,105年05月26日,13.75,3.87,3.14,,
338,105年05月27日,13.89,3.83,3.17,,
339,105年05月30日,13.93,3.82,3.18,,
340,105年05月31日,13.89,3.83,3.17,,
341,105年06月01日,14.11,3.77,3.22,,
342,105年06月02日,14.11,3.77,3.22,,
343,105年06月03日,14.24,3.74,3.25,,
344,105年06月04日,14.20,3.75,3.24,,
345,105年06月06日,14.29,3.73,3.26,,
346,105年06月07日,14.37,3.70,3.28,,
347,105年06月08日,14.69,3.63,3.35,,
348,105年06月13日,14.37,3.70,3.28,,
349,105年06月14日,14.37,3.70,3.28,,
350,105年06月15日,14.46,3.68,3.30,,
351,105年06月16日,14.24,3.74,3.25,,
352,105年06月17日,14.46,3.68,3.30,,
353,105年06月20日,14.46,3.68,3.30,,
354,105年06月21日,14.69,3.63,3.35,,
355,105年06月22日,14.73,3.61,3.36,,
356,105年06月23日,14.55,3.66,3.32,,
357,105年06月24日,14.11,3.77,3.22,,
358,105年06月27日,13.80,3.86,3.15,,
359,105年06月28日,13.93,3.82,3.18,,
360,105年06月29日,14.11,3.77,3.22,,
361,105年06月30日,14.42,3.69,3.29,,
362,105年07月01日,14.73,3.61,3.36,,
363,105年07月04日,14.73,3.61,3.36,,
364,105年07月05日,14.55,3.66,3.32,,
365,105年07月06日,14.33,3.72,3.27,,
366,105年07月07日,14.60,3.65,3.33,,
367,105年07月11日,15.08,3.53,3.44,,
368,105年07月12日,15.17,3.51,3.46,,
369,105年07月13日,14.95,3.56,3.41,,
370,105年07月14日,15.00,3.55,3.42,,
371,105年07月15日,15.04,3.54,3.43,,
372,105年07月18日,15.04,3.54,3.43,,
373,105年07月19日,15.13,3.52,3.45,,
374,105年07月20日,15.08,3.53,3.44,,
375,105年07月21日,15.26,3.49,3.48,,
376,105年07月22日,15.17,3.51,3.46,,
377,105年07月25日,15.22,3.50,3.47,,
378,105年07月26日,15.35,3.47,3.50,,
379,105年07月27日,15.53,3.43,3.55,,
380,105年07月28日,15.66,3.40,3.58,,
381,105年07月29日,15.31,3.48,3.49,,
382,105年08月01日,15.71,3.39,3.59,,
383,105年08月02日,15.62,3.41,3.57,,
384,105年08月03日,15.31,3.48,3.49,,
385,105年08月04日,15.85,3.44,3.78,,
386,105年08月05日,16.08,3.39,3.84,,
387,105年08月08日,16.17,3.37,3.86,,
388,105年08月09日,16.21,3.36,3.87,,
389,105年08月10日,16.30,3.34,3.89,,
390,105年08月11日,16.03,3.40,3.83,,
391,105年08月12日,16.12,3.38,3.85,,
392,105年08月15日,16.26,3.35,3.88,,
393,105年08月16日,15.94,3.42,3.80,,
394,105年08月17日,16.08,3.39,3.84,,
395,105年08月18日,15.99,3.41,3.81,,
396,105年08月19日,15.85,3.44,3.78,,
397,105年08月22日,15.71,3.47,3.75,,
398,105年08月23日,15.80,3.45,3.77,,
399,105年08月24日,15.76,3.46,3.76,,
400,105年08月25日,16.08,3.39,3.84,,
401,105年08月26日,16.08,3.39,3.84,,
402,105年08月29日,16.03,3.40,3.83,,
403,105年08月30日,15.85,3.44,3.78,,
404,105年08月31日,15.99,3.41,3.81,,
405,105年09月01日,15.76,3.46,3.76,,
406,105年09月02日,15.85,3.44,3.78,,
407,105年09月05日,16.03,3.40,3.83,,
408,105年09月06日,16.26,3.35,3.88,,
409,105年09月07日,16.71,3.26,3.99,,
410,105年09月08日,16.62,3.28,3.97,,
411,105年09月09日,16.30,3.34,3.89,,
412,105年09月10日,16.17,3.37,3.86,,
413,105年09月12日,15.89,3.43,3.79,,
414,105年09月13日,15.89,3.43,3.79,,
415,105年09月14日,15.76,3.46,3.76,,
416,105年09月19日,16.58,3.29,3.96,,
417,105年09月20日,16.62,3.28,3.97,,
418,105年09月21日,16.71,3.26,3.99,,
419,105年09月22日,16.85,3.23,4.02,,
420,105年09月23日,17.03,3.20,4.06,,
421,105年09月26日,16.62,3.28,3.97,,
422,105年09月29日,16.85,3.23,4.02,,
423,105年09月30日,16.58,3.29,3.96,,
424,105年10月03日,16.89,3.23,4.03,,
425,105年10月04日,16.98,3.21,4.05,,
426,105年10月05日,16.89,3.23,4.03,,
427,105年10月06日,17.03,3.20,4.06,,
428,105年10月07日,17.08,3.19,4.07,,
429,105年10月11日,17.03,3.20,4.06,,
430,105年10月12日,17.21,3.17,4.11,,
431,105年10月13日,17.12,3.18,4.09,,
432,105年10月14日,17.08,3.19,4.07,,
433,105年10月17日,16.94,3.22,4.04,,
434,105年10月18日,16.98,3.21,4.05,,
435,105年10月19日,17.21,3.17,4.11,,
436,105年10月20日,17.30,3.15,4.13,,
437,105年10月21日,17.12,3.18,4.09,,
438,105年10月24日,17.35,3.14,4.14,,
439,105年10月25日,17.53,3.11,4.18,,
440,105年10月26日,17.39,3.13,4.15,,
441,105年10月27日,17.12,3.18,4.09,,
442,105年10月28日,17.21,3.17,4.11,,
443,105年10月31日,17.12,3.18,4.09,,
444,105年11月01日,17.21,3.17,4.11,,
445,105年11月02日,16.89,3.23,4.03,,
446,105年11月03日,16.76,3.25,4.00,,
447,105年11月04日,16.76,3.25,4.00,,
448,105年11月07日,17.17,3.17,4.10,,
449,105年11月08日,17.12,3.18,4.09,,
450,105年11月09日,15.38,3.30,3.68,,
451,105年11月10日,15.68,3.23,3.75,,
452,105年11月11日,15.34,3.31,3.67,,
453,105年11月14日,15.26,3.32,3.65,,
454,105年11月15日,15.22,3.33,3.64,,
455,105年11月16日,15.22,3.33,3.64,,
456,105年11月17日,15.34,3.31,3.67,,
457,105年11月18日,15.30,3.31,3.66,,
458,105年11月21日,15.30,3.31,3.66,,
459,105年11月22日,15.55,3.26,3.72,,
460,105年11月23日,15.68,3.23,3.75,,
461,105年11月24日,15.47,3.28,3.70,,
462,105年11月25日,15.38,3.30,3.68,,
463,105年11月28日,15.55,3.26,3.72,,
464,105年11月29日,15.38,3.30,3.68,,
465,105年11月30日,15.47,3.28,3.70,,
466,105年12月01日,15.47,3.28,3.70,,
467,105年12月02日,15.05,3.37,3.60,,
468,105年12月05日,15.13,3.35,3.62,,
469,105年12月06日,15.38,3.30,3.68,,
470,105年12月07日,15.34,3.31,3.67,,
471,105年12月08日,15.68,3.23,3.75,,
472,105年12月09日,15.72,3.23,3.76,,
473,105年12月12日,15.64,3.24,3.74,,
474,105年12月13日,15.72,3.23,3.76,,
475,105年12月14日,15.85,3.20,3.79,,
476,105年12月15日,15.81,3.21,3.78,,
477,105年12月16日,15.64,3.24,3.74,,
478,105年12月19日,15.43,3.29,3.69,,
479,105年12月20日,15.43,3.29,3.69,,
480,105年12月21日,15.22,3.33,3.64,,
481,105年12月22日,15.13,3.35,3.62,,
482,105年12月23日,15.09,3.36,3.61,,
483,105年12月26日,15.17,3.34,3.63,,
484,105年12月27日,15.22,3.33,3.64,,
485,105年12月28日,15.38,3.30,3.68,,
486,105年12月29日,15.22,3.33,3.64,,
487,105年12月30日,15.34,3.31,3.67,,
488,106年01月03日,15.47,3.28,3.70,,
489,106年01月04日,15.47,3.28,3.70,,
490,106年01月05日,15.51,3.27,3.71,,
491,106年01月06日,15.55,3.26,3.72,,
492,106年01月09日,15.55,3.26,3.72,,
493,106年01月10日,15.55,3.26,3.72,,
494,106年01月11日,15.38,3.30,3.68,,
495,106年01月12日,15.60,3.25,3.73,,
496,106年01月13日,15.34,3.31,3.67,,
497,106年01月16日,15.17,3.34,3.63,,
498,106年01月17日,15.30,3.31,3.66,,
499,106年01月18日,15.30,3.31,3.66,,
500,106年01月19日,15.26,3.32,3.65,,
501,106年01月20日,15.30,3.31,3.66,,
502,106年01月23日,15.64,3.24,3.74,,
503,106年01月24日,15.68,3.23,3.75,,
504,106年02月02日,15.60,3.25,3.73,,
505,106年02月03日,15.60,3.25,3.73,,
506,106年02月06日,15.60,3.25,3.73,,
507,106年02月07日,15.60,3.25,3.73,,
508,106年02月08日,15.51,3.27,3.71,,
509,106年02月09日,15.55,3.26,3.72,,
510,106年02月10日,15.68,3.23,3.75,,
511,106年02月13日,15.85,3.20,3.79,,
512,106年02月14日,15.85,3.20,3.79,,
513,106年02月15日,15.98,3.70,3.82,,
514,106年02月16日,14.66,3.70,3.53,,
515,106年02月17日,14.70,3.69,3.54,,
516,106年02月18日,14.70,3.69,3.54,,
517,106年02月20日,14.74,3.68,3.55,,
518,106年02月21日,14.74,3.68,3.55,,
519,106年02月22日,14.62,3.71,3.52,,
520,106年02月23日,14.62,3.71,3.52,,
521,106年02月24日,14.66,3.70,3.53,,
522,106年03月01日,14.43,3.76,3.47,,
523,106年03月02日,14.43,3.76,3.47,,
524,106年03月03日,14.27,3.80,3.43,,
525,106年03月06日,14.24,3.81,3.42,,
526,106年03月07日,14.39,3.77,3.46,,
527,106年03月08日,14.51,3.74,3.49,,
528,106年03月09日,14.31,3.79,3.44,,
529,106年03月10日,14.24,3.81,3.42,,
530,106年03月13日,14.47,3.75,3.48,,
531,106年03月14日,14.43,3.76,3.47,,
532,106年03月15日,14.47,3.75,3.48,,
533,106年03月16日,14.74,3.68,3.55,,
534,106年03月17日,14.86,3.66,3.57,,
535,106年03月20日,14.86,3.66,3.57,,
536,106年03月21日,15.13,3.59,3.64,,
537,106年03月22日,15.01,3.62,3.61,,
538,106年03月23日,15.01,3.62,3.61,,
539,106年03月24日,14.93,3.64,3.59,,
540,106年03月27日,14.97,3.63,3.60,,
541,106年03月28日,15.09,3.60,3.63,,
542,106年03月29日,14.86,3.66,3.57,,
543,106年03月30日,14.86,3.66,3.57,,
544,106年03月31日,14.66,3.70,3.53,,
545,106年04月05日,14.97,3.63,3.60,,
546,106年04月06日,14.86,3.66,3.57,,
547,106年04月07日,14.82,3.66,3.56,,
548,106年04月10日,14.74,3.68,3.55,,
549,106年04月11日,14.82,3.66,3.56,,
550,106年04月12日,14.82,3.66,3.56,105,105/4
551,106年04月13日,14.86,3.66,3.57,105,105/4
552,106年04月14日,14.66,3.70,3.53,105,105/4
553,106年04月17日,14.55,3.73,3.50,105,105/4
554,106年04月18日,14.58,3.72,3.51,105,105/4
555,106年04月19日,14.47,3.75,3.48,105,105/4
556,106年04月20日,14.51,3.74,3.49,105,105/4
557,106年04月21日,14.74,3.68,3.55,105,105/4
558,106年04月24日,14.74,3.68,3.55,105,105/4
559,106年04月25日,14.90,3.65,3.58,105,105/4
560,106年04月26日,14.82,3.66,3.56,105,105/4
561,106年04月27日,14.97,3.63,3.60,105,105/4
562,106年04月28日,15.09,3.60,3.63,105,105/4
563,106年05月02日,15.24,3.56,3.67,105,105/4
564,106年05月03日,15.36,3.54,3.70,105,105/4
565,106年05月04日,15.36,3.54,3.70,105,105/4
566,106年05月05日,15.32,3.54,3.69,105,105/4
567,106年05月08日,15.71,3.46,3.78,105,105/4
568,106年05月09日,15.79,3.44,3.80,105,105/4
569,106年05月10日,14.92,3.41,3.66,105,106/1
570,106年05月11日,15.07,3.37,3.70,105,106/1
571,106年05月12日,14.96,3.40,3.67,105,106/1
572,106年05月15日,14.96,3.40,3.67,105,106/1
573,106年05月16日,14.85,3.42,3.64,105,106/1
574,106年05月17日,14.81,3.43,3.63,105,106/1
575,106年05月18日,14.78,3.44,3.63,105,106/1
576,106年05月19日,14.74,3.45,3.62,105,106/1
577,106年05月22日,14.89,3.41,3.65,105,106/1
578,106年05月23日,14.89,3.41,3.65,105,106/1
579,106年05月24日,14.92,3.41,3.66,105,106/1
580,106年05月25日,15.03,3.38,3.69,105,106/1
581,106年05月26日,15.03,3.38,3.69,105,106/1
582,106年05月31日,14.74,3.45,3.62,105,106/1
583,106年06月01日,15.03,3.38,3.69,105,106/1
584,106年06月02日,15.18,3.35,3.72,105,106/1
585,106年06月03日,15.18,3.35,3.72,105,106/1
586,106年06月05日,15.40,3.30,3.78,105,106/1
587,106年06月06日,15.29,3.33,3.75,105,106/1
588,106年06月07日,15.36,3.31,3.77,105,106/1
589,106年06月08日,15.47,3.29,3.79,105,106/1
590,106年06月09日,15.40,3.30,3.78,105,106/1
591,106年06月12日,15.07,3.37,3.70,105,106/1
592,106年06月13日,15.11,3.37,3.71,105,106/1
593,106年06月14日,15.03,3.38,3.69,105,106/1
594,106年06月15日,15.11,3.37,3.71,105,106/1
595,106年06月16日,15.36,3.31,3.77,105,106/1
596,106年06月19日,15.47,3.29,3.79,105,106/1
597,106年06月20日,15.72,3.23,3.86,105,106/1
598,106年06月21日,15.65,3.25,3.84,105,106/1
599,106年06月22日,15.83,3.21,3.88,105,106/1
600,106年06月23日,15.76,3.23,3.87,105,106/1
601,106年06月26日,15.61,3.26,3.83,105,106/1
602,106年06月27日,15.36,3.31,3.77,105,106/1
603,106年06月28日,15.14,3.36,3.71,105,106/1
604,106年06月29日,15.25,3.33,3.74,105,106/1
605,106年06月30日,15.14,3.36,3.71,105,106/1
606,106年07月03日,15.18,3.35,3.72,105,106/1
607,106年07月04日,15.03,3.38,3.69,105,106/1
608,106年07月05日,15.14,3.36,3.71,105,106/1
609,106年07月06日,15.07,3.37,3.70,105,106/1
610,106年07月07日,14.96,3.40,3.67,105,106/1
611,106年07月10日,14.96,3.40,3.67,105,106/1
612,106年07月11日,15.40,3.30,3.78,105,106/1
613,106年07月12日,15.29,3.33,3.75,105,106/1
614,106年07月13日,15.58,3.26,3.82,105,106/1
615,106年07月14日,15.47,3.29,3.79,105,106/1
616,106年07月17日,15.47,3.29,3.79,105,106/1
617,106年07月18日,15.54,3.27,3.81,105,106/1
618,106年07月19日,15.58,3.26,3.82,105,106/1
619,106年07月20日,15.65,3.25,3.84,105,106/1
620,106年07月21日,15.54,3.27,3.81,105,106/1
621,106年07月24日,15.58,3.26,3.82,105,106/1
622,106年07月25日,15.54,3.27,3.81,105,106/1
623,106年07月26日,15.47,3.29,3.79,105,106/1
624,106年07月27日,15.65,3.25,3.84,105,106/1
625,106年07月28日,15.47,3.29,3.79,105,106/1
626,106年07月31日,15.58,3.26,3.82,105,106/1
627,106年08月01日,15.40,3.30,3.78,105,106/1
628,106年08月02日,15.69,3.24,3.85,105,106/1
629,106年08月03日,15.50,3.28,3.80,105,106/1
630,106年08月04日,15.47,3.29,3.79,105,106/1
631,106年08月07日,15.69,3.24,3.85,105,106/1
632,106年08月08日,15.80,3.22,3.87,105,106/1
633,106年08月09日,15.85,3.26,4.15,105,106/2
634,106年08月10日,15.82,3.27,4.14,105,106/2
635,106年08月11日,15.71,3.29,4.11,105,106/2
636,106年08月14日,15.59,3.32,4.08,105,106/2
637,106年08月15日,15.82,3.27,4.14,105,106/2
638,106年08月16日,15.74,3.29,4.12,105,106/2
639,106年08月17日,15.82,3.27,4.14,105,106/2
640,106年08月18日,15.71,3.29,4.11,105,106/2
641,106年08月21日,15.63,3.31,4.09,105,106/2
642,106年08月22日,15.85,3.26,4.15,105,106/2
643,106年08月23日,15.93,3.25,4.17,105,106/2
644,106年08月24日,16.04,3.23,4.19,105,106/2
645,106年08月25日,16.08,3.22,4.20,105,106/2
646,106年08月28日,15.96,3.24,4.17,105,106/2
647,106年08月29日,15.96,3.24,4.17,105,106/2
648,106年08月30日,16.08,3.22,4.20,105,106/2
649,106年08月31日,16.00,3.23,4.18,105,106/2
650,106年09月01日,16.00,3.23,4.18,105,106/2
651,106年09月04日,16.08,3.22,4.20,105,106/2
652,106年09月05日,16.11,3.21,4.21,105,106/2
653,106年09月06日,16.04,3.23,4.19,105,106/2
654,106年09月07日,16.04,3.23,4.19,105,106/2
655,106年09月08日,16.11,3.21,4.21,105,106/2
656,106年09月11日,16.04,3.23,4.19,105,106/2
657,106年09月12日,16.19,3.20,4.23,105,106/2
658,106年09月13日,16.11,3.21,4.21,105,106/2
659,106年09月14日,16.15,3.20,4.22,105,106/2
660,106年09月15日,16.15,3.20,4.22,105,106/2
661,106年09月18日,16.22,3.19,4.24,105,106/2
662,106年09月19日,16.37,3.16,4.28,105,106/2
663,106年09月20日,16.37,3.16,4.28,105,106/2
664,106年09月21日,16.33,3.17,4.27,105,106/2
665,106年09月22日,16.15,3.20,4.22,105,106/2
666,106年09月25日,16.04,3.23,4.19,105,106/2
667,106年09月26日,15.82,3.27,4.14,105,106/2
668,106年09月27日,15.89,3.26,4.16,105,106/2
669,106年09月28日,15.82,3.27,4.14,105,106/2
670,106年09月29日,16.00,3.23,4.18,105,106/2
671,106年09月30日,16.00,3.23,4.18,105,106/2
672,106年10月02日,16.30,3.17,4.26,105,106/2
673,106年10月03日,16.44,3.15,4.30,105,106/2
674,106年10月05日,16.59,3.12,4.34,105,106/2
675,106年10月06日,16.59,3.12,4.34,105,106/2
676,106年10月11日,17.22,3.00,4.50,105,106/2
677,106年10月12日,17.55,2.95,4.59,105,106/2
678,106年10月13日,17.55,2.95,4.59,105,106/2
679,106年10月16日,17.59,2.94,4.60,105,106/2
680,106年10月17日,17.41,2.97,4.55,105,106/2
681,106年10月18日,17.55,2.95,4.59,105,106/2
682,106年10月19日,17.66,2.93,4.62,105,106/2
683,106年10月20日,17.55,2.95,4.59,105,106/2
684,106年10月23日,17.66,2.93,4.62,105,106/2
685,106年10月24日,17.59,2.94,4.60,105,106/2
686,106年10月25日,17.59,2.94,4.60,105,106/2
687,106年10月26日,17.44,2.97,4.56,105,106/2
688,106年10月27日,17.66,2.93,4.62,105,106/2
689,106年10月30日,17.96,2.88,4.70,105,106/2
690,106年10月31日,17.96,2.88,4.70,105,106/2
691,106年11月01日,17.92,2.89,4.69,105,106/2
692,106年11月02日,17.81,2.90,4.66,105,106/2
693,106年11月03日,17.66,2.93,4.62,105,106/2
694,106年11月06日,17.70,2.92,4.63,105,106/2
695,106年11月07日,18.03,2.87,4.72,105,106/2
696,106年11月08日,17.92,2.89,4.69,105,106/2
697,106年11月09日,17.81,2.90,4.66,105,106/2
698,106年11月10日,17.78,2.91,4.65,105,106/2
699,106年11月13日,17.70,2.92,4.63,105,106/2
700,106年11月14日,18.09,2.92,4.35,105,106/3
701,106年11月15日,17.90,2.95,4.30,105,106/3
702,106年11月16日,17.94,2.94,4.31,105,106/3
703,106年11月17日,18.20,2.90,4.38,105,106/3
704,106年11月20日,17.97,2.94,4.32,105,106/3
705,106年11月21日,18.31,2.88,4.40,105,106/3
706,106年11月22日,18.24,2.89,4.39,105,106/3
707,106年11月23日,18.27,2.89,4.39,105,106/3
708,106年11月24日,18.39,2.87,4.42,105,106/3
709,106年11月27日,17.86,2.95,4.30,105,106/3
710,106年11月28日,17.63,2.99,4.24,105,106/3
711,106年11月29日,17.67,2.99,4.25,105,106/3
712,106年11月30日,17.03,3.10,4.10,105,106/3
713,106年12月01日,17.41,3.03,4.19,105,106/3
714,106年12月04日,17.63,2.99,4.24,105,106/3
715,106年12月05日,17.29,3.05,4.16,105,106/3
716,106年12月06日,17.11,3.08,4.11,105,106/3
717,106年12月07日,17.07,3.09,4.10,105,106/3
718,106年12月08日,17.11,3.08,4.11,105,106/3
719,106年12月11日,17.14,3.08,4.12,105,106/3
720,106年12月12日,17.14,3.08,4.12,105,106/3
721,106年12月13日,17.11,3.08,4.11,105,106/3
722,106年12月14日,17.37,3.04,4.18,105,106/3
723,106年12月15日,17.33,3.04,4.17,105,106/3
724,106年12月18日,17.11,3.08,4.11,105,106/3
725,106年12月19日,16.96,3.11,4.08,105,106/3
726,106年12月20日,16.92,3.12,4.07,105,106/3
727,106年12月21日,16.96,3.11,4.08,105,106/3
728,106年12月22日,17.14,3.08,4.12,105,106/3
729,106年12月25日,17.22,3.06,4.14,105,106/3
730,106年12月26日,17.03,3.10,4.10,105,106/3
731,106年12月27日,16.96,3.11,4.08,105,106/3
732,106年12月28日,17.03,3.10,4.10,105,106/3
733,106年12月29日,17.29,3.05,4.16,105,106/3
734,107年01月02日,17.52,3.01,4.21,105,106/3
735,107年01月03日,17.86,2.95,4.30,105,106/3
736,107年01月04日,18.05,2.92,4.34,105,106/3
737,107年01月05日,18.09,2.92,4.35,105,106/3
738,107年01月08日,18.24,2.89,4.39,105,106/3
739,107年01月09日,18.24,2.89,4.39,105,106/3
740,107年01月10日,17.82,2.96,4.29,105,106/3
741,107年01月11日,17.71,2.98,4.26,105,106/3
742,107年01月12日,17.86,2.95,4.30,105,106/3
743,107年01月15日,18.09,2.92,4.35,105,106/3
744,107年01月16日,18.12,2.91,4.36,105,106/3
745,107年01月17日,18.24,2.89,4.39,105,106/3
746,107年01月18日,18.73,2.82,4.50,105,106/3
747,107年01月19日,19.25,2.74,4.63,105,106/3
748,107年01月22日,19.71,2.68,4.74,105,106/3
749,107年01月23日,20.05,2.63,4.82,105,106/3
750,107年01月24日,19.44,2.71,4.68,105,106/3
751,107年01月25日,19.44,2.71,4.68,105,106/3
752,107年01月26日,19.22,2.75,4.62,105,106/3
753,107年01月29日,19.48,2.71,4.68,105,106/3
754,107年01月30日,19.07,2.77,4.58,105,106/3
755,107年01月31日,19.22,2.75,4.62,105,106/3
756,107年02月01日,19.56,2.70,4.70,105,106/3
757,107年02月02日,19.56,2.70,4.70,105,106/3
758,107年02月05日,19.07,2.77,4.58,105,106/3
759,107年02月06日,18.01,2.93,4.33,105,106/3
760,107年02月07日,18.09,2.92,4.35,105,106/3
761,107年02月08日,17.97,2.94,4.32,105,106/3
762,107年02月09日,17.52,3.01,4.21,105,106/3
763,107年02月12日,17.82,2.96,4.29,105,106/3
764,107年02月21日,18.33,2.89,4.13,105,106/4
765,107年02月22日,18.10,2.92,4.08,105,106/4
766,107年02月23日,18.52,2.86,4.17,105,106/4
767,107年02月26日,18.63,3.25,4.20,106,106/4
768,107年02月27日,18.59,3.25,4.19,106,106/4
769,107年03月01日,18.37,3.29,4.14,106,106/4
770,107年03月02日,18.14,3.33,4.09,106,106/4
771,107年03月05日,18.25,3.31,4.11,106,106/4
772,107年03月06日,18.90,3.20,4.26,106,106/4
773,107年03月07日,18.67,3.24,4.21,106,106/4
774,107年03月08日,18.86,3.21,4.25,106,106/4
775,107年03月09日,18.93,3.19,4.27,106,106/4
776,107年03月12日,19.20,3.15,4.33,106,106/4
777,107年03月13日,19.58,3.09,4.41,106,106/4
778,107年03月14日,19.43,3.11,4.38,106,106/4
779,107年03月15日,19.27,3.14,4.34,106,106/4
780,107年03月16日,19.27,3.14,4.34,106,106/4
781,107年03月19日,19.27,3.14,4.34,106,106/4
782,107年03月20日,19.12,3.16,4.31,106,106/4
783,107年03月21日,19.09,3.17,4.30,106,106/4
784,107年03月22日,19.01,3.18,4.28,106,106/4
785,107年03月23日,18.52,3.27,4.17,106,106/4
786,107年03月26日,18.41,3.29,4.15,106,106/4
787,107年03月27日,18.97,3.19,4.28,106,106/4
788,107年03月28日,18.52,3.27,4.17,106,106/4
789,107年03月29日,18.44,3.28,4.16,106,106/4
790,107年03月30日,18.59,3.25,4.19,106,106/4
791,107年03月31日,18.71,3.23,4.22,106,106/4
792,107年04月02日,18.63,3.25,4.20,106,106/4
793,107年04月03日,18.44,3.28,4.16,106,106/4
794,107年04月09日,18.52,3.27,4.17,106,106/4
795,107年04月10日,18.56,3.26,4.18,106,106/4
796,107年04月11日,18.75,3.23,4.22,106,106/4
797,107年04月12日,18.52,3.27,4.17,106,106/4
798,107年04月13日,18.48,3.27,4.17,106,106/4
799,107年04月16日,18.41,3.29,4.15,106,106/4
800,107年04月17日,17.99,3.36,4.05,106,106/4
801,107年04月18日,17.99,3.36,4.05,106,106/4
802,107年04月19日,18.48,3.27,4.17,106,106/4
803,107年04月20日,17.31,3.49,3.90,106,106/4
804,107年04月23日,17.12,3.53,3.86,106,106/4
805,107年04月24日,17.16,3.52,3.87,106,106/4
806,107年04月25日,17.01,3.56,3.83,106,106/4
807,107年04月26日,16.78,3.60,3.78,106,106/4
808,107年04月27日,16.89,3.58,3.81,106,106/4
809,107年04月30日,17.16,3.52,3.87,106,106/4
810,107年05月02日,16.75,3.59,3.60,106,107/1
811,107年05月03日,16.57,3.63,3.56,106,107/1
812,107年05月04日,16.75,3.59,3.60,106,107/1
813,107年05月07日,16.79,3.58,3.61,106,107/1
814,107年05月08日,17.13,3.51,3.68,106,107/1
815,107年05月09日,17.24,3.49,3.71,106,107/1
816,107年05月10日,17.24,3.49,3.71,106,107/1
817,107年05月11日,17.51,3.43,3.76,106,107/1
818,107年05月14日,17.51,3.43,3.76,106,107/1
819,107年05月15日,17.32,3.47,3.72,106,107/1
820,107年05月16日,17.32,3.47,3.72,106,107/1
821,107年05月17日,17.02,3.53,3.66,106,107/1
822,107年05月18日,16.79,3.58,3.61,106,107/1
823,107年05月21日,17.21,3.49,3.70,106,107/1
824,107年05月22日,17.21,3.49,3.70,106,107/1
825,107年05月23日,17.17,3.50,3.69,106,107/1
826,107年05月24日,17.21,3.49,3.70,106,107/1
827,107年05月25日,17.17,3.50,3.69,106,107/1
828,107年05月28日,17.05,3.52,3.67,106,107/1
829,107年05月29日,16.90,3.56,3.63,106,107/1
830,107年05月30日,16.60,3.62,3.57,106,107/1
831,107年05月31日,16.83,3.57,3.62,106,107/1
832,107年06月01日,16.83,3.57,3.62,106,107/1
833,107年06月04日,17.21,3.49,3.70,106,107/1
834,107年06月05日,17.21,3.49,3.70,106,107/1
835,107年06月06日,17.28,3.48,3.71,106,107/1
836,107年06月07日,17.28,3.48,3.71,106,107/1
837,107年06月08日,17.05,3.52,3.67,106,107/1
838,107年06月11日,16.98,3.54,3.65,106,107/1
839,107年06月12日,17.21,3.49,3.70,106,107/1
840,107年06月13日,17.43,3.45,3.75,106,107/1
841,107年06月14日,17.02,3.53,3.66,106,107/1
842,107年06月15日,17.36,3.46,3.73,106,107/1
843,107年06月19日,16.90,3.56,3.63,106,107/1
844,107年06月20日,16.98,3.54,3.65,106,107/1
845,107年06月21日,17.02,3.53,3.66,106,107/1
846,107年06月22日,17.09,3.52,3.67,106,107/1
847,107年06月25日,16.38,3.67,3.52,106,107/1
848,107年06月26日,16.12,3.73,3.46,106,107/1
849,107年06月27日,16.00,3.76,3.44,106,107/1
850,107年06月28日,15.93,3.77,3.42,106,107/1
851,107年06月29日,16.27,3.70,3.50,106,107/1
852,107年07月02日,16.08,3.74,3.46,106,107/1
853,107年07月03日,16.12,3.73,3.46,106,107/1
854,107年07月04日,16.23,3.70,3.49,106,107/1
855,107年07月05日,16.12,3.73,3.46,106,107/1
856,107年07月06日,16.30,3.69,3.50,106,107/1
857,107年07月09日,16.64,3.61,3.58,106,107/1
858,107年07月10日,16.68,3.60,3.58,106,107/1
859,107年07月11日,16.53,3.64,3.55,106,107/1
860,107年07月12日,16.57,3.63,3.56,106,107/1
861,107年07月13日,16.87,3.56,3.63,106,107/1
862,107年07月16日,16.79,3.58,3.61,106,107/1
863,107年07月17日,16.64,3.61,3.58,106,107/1
864,107年07月18日,16.75,3.59,3.60,106,107/1
865,107年07月19日,16.87,3.56,3.63,106,107/1
866,107年07月20日,17.84,3.37,3.83,106,107/1
867,107年07月23日,18.11,3.32,3.89,106,107/1
868,107年07月24日,18.11,3.32,3.89,106,107/1
869,107年07月25日,18.07,3.33,3.88,106,107/1
870,107年07月26日,18.11,3.32,3.89,106,107/1
871,107年07月27日,18.37,3.27,3.95,106,107/1
872,107年07月30日,18.44,3.26,3.96,106,107/1
873,107年07月31日,18.48,3.25,3.97,106,107/1
874,107年08月01日,18.63,3.23,4.00,106,107/1
875,107年08月02日,18.37,3.27,3.95,106,107/1
876,107年08月03日,18.56,3.24,3.99,106,107/1
877,107年08月06日,18.44,3.26,3.96,106,107/1
878,107年08月07日,18.14,3.31,3.90,106,107/1
879,107年08月08日,18.60,3.23,4.00,106,107/1
880,107年08月09日,18.56,3.24,3.99,106,107/1
881,107年08月10日,18.41,3.27,3.96,106,107/1
882,107年08月13日,18.07,3.33,3.88,106,107/1
883,107年08月14日,17.97,3.29,4.24,106,107/2
884,107年08月15日,17.82,3.31,4.20,106,107/2
885,107年08月16日,17.64,3.35,4.16,106,107/2
886,107年08月17日,17.68,3.34,4.17,106,107/2
887,107年08月20日,17.68,3.34,4.17,106,107/2
888,107年08月21日,17.79,3.32,4.19,106,107/2
889,107年08月22日,17.86,3.31,4.21,106,107/2
890,107年08月23日,18.04,3.27,4.26,106,107/2
891,107年08月24日,17.97,3.29,4.24,106,107/2
892,107年08月27日,18.08,3.27,4.26,106,107/2
893,107年08月28日,18.41,3.21,4.34,106,107/2
894,107年08月29日,19.11,3.09,4.51,106,107/2
895,107年08月30日,19.45,3.04,4.59,106,107/2
896,107年08月31日,18.89,3.13,4.46,106,107/2
897,107年09月03日,18.97,3.11,4.47,106,107/2
898,107年09月04日,19.00,3.11,4.48,106,107/2
899,107年09月05日,19.48,3.03,4.59,106,107/2
900,107年09月06日,19.26,3.07,4.54,106,107/2
901,107年09月07日,19.48,3.03,4.59,106,107/2
902,107年09月10日,19.52,3.02,4.60,106,107/2
903,107年09月11日,19.19,3.08,4.52,106,107/2
904,107年09月12日,19.23,3.07,4.53,106,107/2
905,107年09月13日,18.82,3.14,4.44,106,107/2
906,107年09月14日,19.26,3.07,4.54,106,107/2
907,107年09月17日,19.04,3.10,4.49,106,107/2
908,107年09月18日,18.78,3.14,4.43,106,107/2
909,107年09月19日,19.04,3.10,4.49,106,107/2
910,107年09月20日,19.19,3.08,4.52,106,107/2
911,107年09月21日,19.30,3.06,4.55,106,107/2
912,107年09月25日,19.45,3.04,4.59,106,107/2
913,107年09月26日,19.45,3.04,4.59,106,107/2
914,107年09月27日,19.56,3.02,4.61,106,107/2
915,107年09月28日,19.37,3.05,4.57,106,107/2
916,107年10月01日,19.41,3.04,4.58,106,107/2
917,107年10月02日,19.00,3.11,4.48,106,107/2
918,107年10月03日,19.19,3.08,4.52,106,107/2
919,107年10月04日,18.75,3.15,4.42,106,107/2
920,107年10月05日,18.45,3.20,4.35,106,107/2
921,107年10月08日,17.97,3.29,4.24,106,107/2
922,107年10月09日,18.01,3.28,4.25,106,107/2
923,107年10月11日,16.79,3.52,3.96,106,107/2
924,107年10月12日,17.49,3.38,4.12,106,107/2
925,107年10月15日,17.01,3.47,4.01,106,107/2
926,107年10月16日,17.49,3.38,4.12,106,107/2
927,107年10月17日,17.60,3.35,4.15,106,107/2
928,107年10月18日,17.45,3.38,4.12,106,107/2
929,107年10月19日,17.42,3.39,4.11,106,107/2
930,107年10月22日,17.49,3.38,4.12,106,107/2
931,107年10月23日,16.97,3.48,4.00,106,107/2
932,107年10月24日,16.94,3.49,3.99,106,107/2
933,107年10月25日,16.20,3.64,3.82,106,107/2
934,107年10月26日,16.31,3.62,3.85,106,107/2
935,107年10月29日,16.42,3.60,3.87,106,107/2
936,107年10月30日,16.46,3.59,3.88,106,107/2
937,107年10月31日,17.27,3.42,4.07,106,107/2
938,107年11月01日,17.38,3.40,4.10,106,107/2
939,107年11月02日,17.45,3.38,4.12,106,107/2
940,107年11月05日,17.34,3.40,4.09,106,107/2
941,107年11月06日,17.31,3.41,4.08,106,107/2
942,107年11月07日,17.27,3.42,4.07,106,107/2
943,107年11月08日,17.45,3.38,4.12,106,107/2
944,107年11月09日,17.05,3.46,4.02,106,107/2
945,107年11月12日,17.08,3.46,4.03,106,107/2
946,107年11月13日,16.79,3.52,3.96,106,107/2
947,107年11月14日,16.90,3.50,3.76,106,107/3
948,107年11月15日,17.09,3.46,3.80,106,107/3
949,107年11月16日,16.72,3.54,3.72,106,107/3
950,107年11月19日,16.42,3.60,3.65,106,107/3
951,107年11月20日,16.12,3.67,3.59,106,107/3
952,107年11月21日,16.20,3.65,3.60,106,107/3
953,107年11月22日,16.20,3.65,3.60,106,107/3
954,107年11月23日,16.16,3.66,3.60,106,107/3
955,107年11月26日,16.49,3.59,3.67,106,107/3
956,107年11月27日,16.57,3.57,3.69,106,107/3
957,107年11月28日,16.75,3.53,3.73,106,107/3
958,107年11月29日,16.94,3.49,3.77,106,107/3
959,107年11月30日,16.68,3.55,3.71,106,107/3
960,107年12月03日,17.38,3.40,3.87,106,107/3
961,107年12月04日,17.31,3.42,3.85,106,107/3
962,107年12月05日,16.72,3.54,3.72,106,107/3
963,107年12月06日,16.27,3.64,3.62,106,107/3
964,107年12月07日,16.35,3.62,3.64,106,107/3
965,107年12月10日,16.20,3.65,3.60,106,107/3
966,107年12月11日,16.46,3.60,3.66,106,107/3
967,107年12月12日,16.75,3.53,3.73,106,107/3
968,107年12月13日,16.72,3.54,3.72,106,107/3
969,107年12月14日,16.46,3.60,3.66,106,107/3
970,107年12月17日,16.53,3.58,3.68,106,107/3
971,107年12月18日,16.46,3.60,3.66,106,107/3
972,107年12月19日,16.68,3.55,3.71,106,107/3
973,107年12月20日,16.35,3.62,3.64,106,107/3
974,107年12月21日,16.53,3.58,3.68,106,107/3
975,107年12月22日,16.38,3.61,3.65,106,107/3
976,107年12月24日,16.27,3.64,3.62,106,107/3
977,107年12月25日,16.09,3.68,3.58,106,107/3
978,107年12月26日,16.01,3.70,3.56,106,107/3
979,107年12月27日,16.49,3.59,3.67,106,107/3
980,107年12月28日,16.68,3.55,3.71,106,107/3
981,108年01月02日,16.24,3.64,3.61,106,107/3
982,108年01月03日,15.94,3.71,3.55,106,107/3
983,108年01月04日,15.38,3.85,3.42,106,107/3
984,108年01月07日,15.75,3.76,3.51,106,107/3
985,108年01月08日,15.61,3.79,3.47,106,107/3
986,108年01月09日,15.94,3.71,3.55,106,107/3
987,108年01月10日,15.98,3.70,3.56,106,107/3
988,108年01月11日,16.31,3.63,3.63,106,107/3
989,108年01月14日,16.16,3.66,3.60,106,107/3
990,108年01月15日,16.35,3.62,3.64,106,107/3
991,108年01月16日,16.09,3.68,3.58,106,107/3
992,108年01月17日,16.31,3.63,3.63,106,107/3
993,108年01月18日,16.16,3.66,3.60,106,107/3
994,108年01月21日,16.35,3.62,3.64,106,107/3
995,108年01月22日,16.49,3.59,3.67,106,107/3
996,108年01月23日,16.31,3.63,3.63,106,107/3
997,108年01月24日,16.46,3.60,3.66,106,107/3
998,108年01月25日,16.72,3.54,3.72,106,107/3
999,108年01月28日,16.94,3.49,3.77,106,107/3
1000,108年01月29日,16.46,3.60,3.66,106,107/3
1001,108年01月30日,16.35,3.62,3.64,106,107/3
1002,108年02月11日,16.86,3.51,3.75,106,107/3
1003,108年02月12日,17.01,3.48,3.79,106,107/3
1004,108年02月13日,16.94,3.49,3.77,106,107/3
1005,108年02月14日,16.79,3.52,3.74,106,107/3
1006,108年02月15日,16.79,3.52,3.74,106,107/3
1007,108年02月18日,17.01,3.48,3.79,106,107/3
1008,108年02月19日,16.94,3.49,3.77,106,107/3
1009,108年02月20日,17.34,3.41,3.86,106,107/3
1010,108年02月21日,17.49,3.38,3.89,106,107/3
1011,108年02月22日,17.47,3.38,3.66,106,107/4
1012,108年02月25日,17.58,3.36,3.68,107,107/4
1013,108年02月26日,17.69,3.34,3.70,107,107/4
1014,108年02月27日,17.65,3.35,3.70,107,107/4
1015,108年03月04日,17.39,3.40,3.64,107,107/4
1016,108年03月05日,17.21,3.43,3.60,107,107/4
1017,108年03月06日,17.28,3.42,3.62,107,107/4
1018,108年03月07日,17.28,3.42,3.62,107,107/4
1019,108年03月08日,16.99,3.48,3.56,107,107/4
1020,108年03月11日,17.02,3.47,3.56,107,107/4
1021,108年03月12日,17.39,3.40,3.64,107,107/4
1022,108年03月13日,17.50,3.38,3.66,107,107/4
1023,108年03月14日,17.32,3.41,3.63,107,107/4
1024,108年03月15日,17.65,3.35,3.70,107,107/4
1025,108年03月18日,17.80,3.32,3.73,107,107/4
1026,108年03月19日,17.76,3.33,3.72,107,107/4
1027,108年03月20日,17.87,3.31,3.74,107,107/4
1028,108年03月21日,18.13,3.26,3.80,107,107/4
1029,108年03月22日,18.35,3.22,3.84,107,107/4
1030,108年03月25日,17.84,3.31,3.73,107,107/4
1031,108年03月26日,18.02,3.28,3.77,107,107/4
1032,108年03月27日,17.84,3.31,3.73,107,107/4
1033,108年03月28日,17.87,3.31,3.74,107,107/4
1034,108年03月29日,18.13,3.26,3.80,107,107/4
1035,108年04月01日,18.13,3.26,3.80,107,107/4
1036,108年04月02日,18.17,3.25,3.80,107,107/4
1037,108年04月03日,18.21,3.25,3.81,107,107/4
1038,108年04月08日,18.69,3.16,3.91,107,107/4
1039,108年04月09日,18.76,3.15,3.93,107,107/4
1040,108年04月10日,18.76,3.15,3.93,107,107/4
1041,108年04月11日,18.61,3.17,3.90,107,107/4
1042,108年04月12日,18.61,3.17,3.90,107,107/4
1043,108年04月15日,18.87,3.13,3.95,107,107/4
1044,108年04月16日,18.98,3.11,3.97,107,107/4
1045,108年04月17日,19.31,3.06,4.04,107,107/4
1046,108年04月18日,19.53,3.02,4.09,107,107/4
1047,108年04月19日,19.53,3.02,4.09,107,107/4
1048,108年04月22日,19.65,3.01,4.11,107,107/4
1049,108年04月23日,19.79,2.99,4.14,107,107/4
1050,108年04月24日,19.87,2.97,4.16,107,107/4
1051,108年04月25日,19.76,2.99,4.14,107,107/4
1052,108年04月26日,19.20,3.08,4.02,107,107/4
1053,108年04月29日,19.17,3.08,4.01,107,107/4
1054,108年04月30日,19.13,3.09,4.00,107,107/4
1055,108年05月02日,19.13,3.09,4.00,107,107/4
1056,108年05月03日,19.57,3.02,4.10,107,107/4
1057,108年05月06日,19.13,3.09,4.00,107,107/4
1058,108年05月07日,19.39,3.05,4.06,107,107/4
1059,108年05月08日,19.20,3.08,4.02,107,107/4
1060,108年05月09日,18.94,3.12,3.97,107,107/4
1061,108年05月10日,18.91,3.13,3.96,107,107/4
1062,108年05月13日,18.50,3.19,3.87,107,107/4
1063,108年05月14日,18.35,3.22,3.84,107,107/4
1064,108年05月15日,20.00,3.21,3.70,107,108/1
1065,108年05月16日,19.84,3.24,3.68,107,108/1
1066,108年05月17日,19.40,3.31,3.59,107,108/1
1067,108年05月20日,19.12,3.36,3.54,107,108/1
1068,108年05月21日,18.80,3.42,3.48,107,108/1
1069,108年05月22日,19.12,3.36,3.54,107,108/1
1070,108年05月23日,18.47,3.48,3.42,107,108/1
1071,108年05月24日,18.71,3.43,3.47,107,108/1
1072,108年05月27日,18.55,3.46,3.44,107,108/1
1073,108年05月28日,18.51,3.47,3.43,107,108/1
1074,108年05月29日,18.43,3.49,3.41,107,108/1
1075,108年05月30日,18.55,3.46,3.44,107,108/1
1076,108年05月31日,18.92,3.40,3.50,107,108/1
1077,108年06月03日,19.12,3.36,3.54,107,108/1
1078,108年06月04日,18.71,3.43,3.47,107,108/1
1079,108年06月05日,18.88,3.40,3.50,107,108/1
1080,108年06月06日,18.63,3.45,3.45,107,108/1
1081,108年06月10日,19.28,3.33,3.57,107,108/1
1082,108年06月11日,19.64,3.27,3.64,107,108/1
1083,108年06月12日,19.76,3.25,3.66,107,108/1
1084,108年06月13日,19.28,3.33,3.57,107,108/1
1085,108年06月14日,18.96,3.39,3.51,107,108/1
1086,108年06月17日,18.71,3.43,3.47,107,108/1
1087,108年06月18日,18.92,3.40,3.50,107,108/1
1088,108年06月19日,19.60,3.28,3.63,107,108/1
1089,108年06月20日,19.68,3.27,3.65,107,108/1
1090,108年06月21日,19.96,3.22,3.70,107,108/1
1091,108年06月24日,19.36,3.32,3.59,107,108/1
1092,108年06月25日,19.16,3.35,3.55,107,108/1
1093,108年06月26日,18.84,3.41,3.49,107,108/1
1094,108年06月27日,19.32,3.33,3.58,107,108/1
1095,108年06月28日,19.20,3.35,3.56,107,108/1
1096,108年07月01日,19.96,3.22,3.70,107,108/1
1097,108年07月02日,20.00,3.21,3.70,107,108/1
1098,108年07月03日,19.48,3.30,3.61,107,108/1
1099,108年07月04日,19.60,3.28,3.63,107,108/1
1100,108年07月05日,19.52,3.29,3.62,107,108/1
1101,108年07月08日,19.48,3.30,3.61,107,108/1
1102,108年07月09日,19.44,3.31,3.60,107,108/1
1103,108年07月10日,19.84,3.24,3.68,107,108/1
1104,108年07月11日,20.08,3.20,3.72,107,108/1
1105,108年07月12日,20.12,3.19,3.73,107,108/1
1106,108年07月15日,20.44,3.14,3.79,107,108/1
1107,108年07月16日,20.56,3.13,3.81,107,108/1
1108,108年07月17日,20.24,3.17,3.75,107,108/1
1109,108年07月18日,20.40,3.15,3.78,107,108/1
1110,108年07月19日,20.80,3.09,3.85,107,108/1
1111,108年07月22日,21.20,3.03,3.93,107,108/1
1112,108年07月23日,21.20,3.03,3.93,107,108/1
1113,108年07月24日,21.29,3.02,3.94,107,108/1
1114,108年07月25日,21.29,3.02,3.94,107,108/1
1115,108年07月26日,20.96,3.07,3.88,107,108/1
1116,108年07月29日,20.96,3.07,3.88,107,108/1
1117,108年07月30日,20.88,3.08,3.87,107,108/1
1118,108年07月31日,20.84,3.08,3.86,107,108/1
1119,108年08月01日,20.60,3.12,3.82,107,108/1
1120,108年08月02日,20.20,3.18,3.74,107,108/1
1121,108年08月05日,19.80,3.25,3.67,107,108/1
1122,108年08月06日,19.96,3.22,3.70,107,108/1
1123,108年08月07日,19.92,3.23,3.69,107,108/1
1124,108年08月08日,20.36,3.16,3.77,107,108/1
1125,108年08月12日,20.16,3.19,3.73,107,108/1
1126,108年08月13日,19.80,3.25,3.67,107,108/1
1127,108年08月14日,20.40,3.21,4.16,107,108/2
1128,108年08月15日,20.28,3.23,4.14,107,108/2
1129,108年08月16日,20.44,3.20,4.17,107,108/2
1130,108年08月19日,20.61,3.17,4.21,107,108/2
1131,108年08月20日,20.81,3.14,4.25,107,108/2
1132,108年08月21日,20.81,3.14,4.25,107,108/2
1133,108年08月22日,20.77,3.15,4.24,107,108/2
1134,108年08月23日,20.77,3.15,4.24,107,108/2
1135,108年08月26日,20.32,3.22,4.15,107,108/2
1136,108年08月27日,20.44,3.20,4.17,107,108/2
1137,108年08月28日,20.61,3.17,4.21,107,108/2
1138,108年08月29日,20.77,3.15,4.24,107,108/2
1139,108年08月30日,21.18,3.09,4.32,107,108/2
1140,108年09月02日,21.05,3.11,4.30,107,108/2
1141,108年09月03日,20.77,3.15,4.24,107,108/2
1142,108年09月04日,21.05,3.11,4.30,107,108/2
1143,108年09月05日,21.50,3.04,4.39,107,108/2
1144,108年09月06日,21.55,3.04,4.40,107,108/2
1145,108年09月09日,21.67,3.02,4.42,107,108/2
1146,108年09月10日,21.38,3.06,4.36,107,108/2
1147,108年09月11日,21.50,3.04,4.39,107,108/2
1148,108年09月12日,21.46,3.05,4.38,107,108/2
1149,108年09月16日,21.71,3.01,4.43,107,108/2
1150,108年09月17日,21.67,3.02,4.42,107,108/2
1151,108年09月18日,21.83,3.00,4.46,107,108/2
1152,108年09月19日,21.67,3.02,4.42,107,108/2
1153,108年09月20日,21.59,3.03,4.41,107,108/2
1154,108年09月23日,21.59,3.03,4.41,107,108/2
1155,108年09月24日,21.67,3.02,4.42,107,108/2
1156,108年09月25日,21.75,3.01,4.44,107,108/2
1157,108年09月26日,21.91,2.99,4.47,107,108/2
1158,108年09月27日,22.24,2.94,4.54,107,108/2
1159,108年10月01日,22.89,2.86,4.67,107,108/2
1160,108年10月02日,22.85,2.86,4.66,107,108/2
1161,108年10月03日,22.61,2.89,4.61,107,108/2
1162,108年10月04日,22.61,2.89,4.61,107,108/2
1163,108年10月07日,22.73,2.88,4.64,107,108/2
1164,108年10月08日,23.43,2.79,4.78,107,108/2
1165,108年10月09日,23.06,2.84,4.71,107,108/2
1166,108年10月14日,23.71,2.76,4.84,107,108/2
1167,108年10月15日,24.00,2.73,4.90,107,108/2
1168,108年10月16日,24.24,2.70,4.95,107,108/2
1169,108年10月17日,24.00,2.73,4.90,107,108/2
1170,108年10月18日,23.96,2.73,4.89,107,108/2
1171,108年10月21日,23.71,2.76,4.84,107,108/2
1172,108年10月22日,24.04,2.72,4.91,107,108/2
1173,108年10月23日,23.96,2.73,4.89,107,108/2
1174,108年10月24日,23.96,2.73,4.89,107,108/2
1175,108年10月25日,24.00,2.73,4.90,107,108/2
1176,108年10月28日,24.08,2.72,4.91,107,108/2
1177,108年10月29日,24.41,2.68,4.98,107,108/2
1178,108年10月30日,24.49,2.67,5.00,107,108/2
1179,108年10月31日,24.41,2.68,4.98,107,108/2
1180,108年11月01日,24.45,2.68,4.99,107,108/2
1181,108年11月04日,25.10,2.61,5.12,107,108/2
1182,108年11月05日,25.39,2.58,5.18,107,108/2
1183,108年11月06日,25.43,2.57,5.19,107,108/2
1184,108年11月07日,25.27,2.59,5.16,107,108/2
1185,108年11月08日,24.98,2.62,5.10,107,108/2
1186,108年11月11日,24.61,2.66,5.02,107,108/2
1187,108年11月12日,24.94,2.62,5.09,107,108/2
1188,108年11月13日,24.86,2.63,5.07,107,108/2
1189,108年11月14日,23.90,2.64,4.96,107,108/3
1190,108年11月15日,24.17,2.61,5.02,107,108/3
1191,108年11月18日,24.49,2.57,5.08,107,108/3
1192,108年11月19日,24.80,2.54,5.15,107,108/3
1193,108年11月20日,24.69,2.55,5.12,107,108/3
1194,108年11月21日,24.49,2.57,5.08,107,108/3
1195,108年11月22日,24.33,2.59,5.05,107,108/3
1196,108年11月25日,24.17,2.61,5.02,107,108/3
1197,108年11月26日,24.17,2.61,5.02,107,108/3
1198,108年11月27日,24.49,2.57,5.08,107,108/3
1199,108年11月28日,24.37,2.58,5.06,107,108/3
1200,108年11月29日,24.02,2.62,4.98,107,108/3
1201,108年12月02日,24.21,2.60,5.02,107,108/3
1202,108年12月03日,24.17,2.61,5.02,107,108/3
1203,108年12月04日,24.09,2.61,5.00,107,108/3
1204,108年12月05日,24.57,2.56,5.10,107,108/3
1205,108年12月06日,24.65,2.56,5.11,107,108/3
1206,108年12月09日,24.88,2.53,5.16,107,108/3
1207,108年12月10日,24.69,2.55,5.12,107,108/3
1208,108年12月11日,25.12,2.51,5.21,107,108/3
1209,108年12月12日,26.10,2.41,5.42,107,108/3
1210,108年12月13日,26.69,2.36,5.54,107,108/3
1211,108年12月16日,26.46,2.38,5.49,107,108/3
1212,108年12月17日,27.17,2.32,5.64,107,108/3
1213,108年12月18日,27.13,2.32,5.63,107,108/3
1214,108年12月19日,26.38,2.39,5.47,107,108/3
1215,108年12月20日,25.91,2.43,5.38,107,108/3
1216,108年12月23日,26.30,2.40,5.46,107,108/3
1217,108年12月24日,26.14,2.41,5.42,107,108/3
1218,108年12月25日,26.22,2.40,5.44,107,108/3
1219,108年12月26日,26.22,2.40,5.44,107,108/3
1220,108年12月27日,26.61,2.37,5.52,107,108/3
1221,108年12月30日,26.34,2.39,5.47,107,108/3
1222,108年12月31日,26.06,2.42,5.41,107,108/3
1223,109年01月02日,26.69,2.36,5.54,107,108/3
1224,109年01月03日,26.73,2.36,5.55,107,108/3
1225,109年01月06日,26.14,2.41,5.42,107,108/3
1226,109年01月07日,25.94,2.43,5.38,107,108/3
1227,109年01月08日,25.94,2.43,5.38,107,108/3
1228,109年01月09日,26.57,2.37,5.51,107,108/3
1229,109年01月10日,26.73,2.36,5.55,107,108/3
1230,109年01月13日,26.89,2.34,5.58,107,108/3
1231,109年01月14日,27.24,2.31,5.65,107,108/3
1232,109年01月15日,26.77,2.35,5.56,107,108/3
1233,109年01月16日,26.34,2.39,5.47,107,108/3
1234,109年01月17日,26.22,2.40,5.44,107,108/3
1235,109年01月20日,26.22,2.40,5.44,107,108/3
1236,109年01月30日,24.92,2.53,5.17,107,108/3
1237,109年01月31日,25.20,2.50,5.23,107,108/3
1238,109年02月03日,24.80,2.54,5.15,107,108/3
1239,109年02月04日,25.59,2.46,5.31,107,108/3
1240,109年02月05日,25.79,2.44,5.35,107,108/3
1241,109年02月06日,26.18,2.41,5.43,107,108/3
1242,109年02月07日,25.83,2.44,5.36,107,108/3
1243,109年02月10日,25.79,2.44,5.35,107,108/3
1244,109年02月11日,26.10,2.41,5.42,107,108/3
1245,109年02月12日,26.38,2.39,5.47,107,108/3
1246,109年02月13日,26.38,2.39,5.47,107,108/3
1247,109年02月14日,26.38,2.39,5.47,107,108/3
1248,109年02月17日,26.10,2.41,5.42,107,108/3
1249,109年02月18日,25.35,2.48,5.26,107,108/3
1250,109年02月19日,25.71,2.45,5.33,107,108/3
1251,109年02月20日,25.63,2.46,5.32,107,108/3
1252,109年02月21日,25.59,2.46,5.31,107,108/3
1253,109年02月24日,25.20,2.50,5.23,107,108/3
1254,109年02月25日,25.35,2.48,5.26,107,108/3
1255,109年02月26日,25.08,2.51,5.20,107,108/3
1256,109年02月27日,24.88,2.53,5.16,107,108/3
1257,109年03月02日,23.35,2.57,4.97,107,108/4
1258,109年03月03日,23.84,2.52,5.08,107,108/4
1259,109年03月04日,24.06,2.50,5.13,107,108/4
1260,109年03月05日,24.25,2.48,5.17,107,108/4
1261,109年03月06日,23.65,2.54,5.04,107,108/4
1262,109年03月09日,22.94,2.62,4.89,107,108/4
1263,109年03月10日,23.05,2.61,4.91,107,108/4
1264,109年03月11日,22.67,2.65,4.83,107,108/4
1265,109年03月12日,22.07,2.72,4.70,107,108/4
1266,109年03月13日,21.77,2.76,4.64,107,108/4
1267,109年03月16日,20.76,2.89,4.42,107,108/4
1268,109年03月17日,20.12,2.99,4.29,107,108/4
1269,109年03月18日,19.52,3.08,4.16,107,108/4
1270,109年03月19日,18.62,3.23,3.97,107,108/4
1271,109年03月20日,20.27,2.96,4.32,107,108/4
1272,109年03月23日,19.14,3.14,4.08,107,108/4
1273,109年03月24日,20.08,2.99,4.28,107,108/4
1274,109年03月25日,20.80,3.43,4.43,108,108/4
1275,109年03月26日,21.02,3.39,4.48,108,108/4
1276,109年03月27日,20.50,3.48,4.37,108,108/4
1277,109年03月30日,20.08,3.55,4.28,108,108/4
1278,109年03月31日,20.57,3.47,4.38,108,108/4
1279,109年04月01日,20.38,3.50,4.34,108,108/4
1280,109年04月06日,20.68,3.45,4.41,108,108/4
1281,109年04月07日,21.25,3.36,4.53,108,108/4
1282,109年04月08日,21.40,3.33,4.56,108,108/4
1283,109年04月09日,21.25,3.36,4.53,108,108/4
1284,109年04月10日,20.98,3.40,4.47,108,108/4
1285,109年04月13日,20.91,3.41,4.45,108,108/4
1286,109年04月14日,21.40,3.33,4.56,108,108/4
1287,109年04月15日,21.58,3.30,4.60,108,108/4
1288,109年04月16日,21.51,3.32,4.58,108,108/4
1289,109年04月17日,23.01,3.10,4.90,108,108/4
1290,109年04月20日,22.82,3.13,4.86,108,108/4
1291,109年04月21日,22.15,3.22,4.72,108,108/4
1292,109年04月22日,22.07,3.23,4.70,108,108/4
1293,109年04月23日,22.18,3.21,4.73,108,108/4
1294,109年04月24日,22.07,3.23,4.70,108,108/4
1295,109年04月27日,22.37,3.19,4.77,108,108/4
1296,109年04月28日,22.26,3.20,4.74,108,108/4
1297,109年04月29日,22.45,3.18,4.78,108,108/4
1298,109年04月30日,22.86,3.12,4.87,108,108/4
1299,109年05月04日,22.15,3.22,4.72,108,108/4
1300,109年05月05日,22.18,3.21,4.73,108,108/4
1301,109年05月06日,22.22,3.21,4.73,108,108/4
1302,109年05月07日,22.33,3.19,4.76,108,108/4
1303,109年05月08日,22.33,3.19,4.76,108,108/4
1304,109年05月11日,22.60,3.16,4.81,108,108/4
1305,109年05月12日,22.15,3.22,4.72,108,108/4
1306,109年05月13日,22.30,3.20,4.75,108,108/4
1307,109年05月14日,18.95,3.24,4.53,108,109/1
1308,109年05月15日,19.28,3.19,4.61,108,109/1
1309,109年05月18日,18.76,3.28,4.49,108,109/1
